protein,Position sec,Deisgn method,Name,GDT_TS
1msl,0,ps,1msl_0_ps,4.301105748
1msl,1,ps,1msl_1_ps,4.384169448767546
1msl,2,ps,1msl_2_ps,1.3980964609453588
1msl,3,ps,1msl_3_ps,4.834817066679035
1msl,4,ps,1msl_4_ps,2.992588530940932
1msl,5,ps,1msl_5_ps,3.791755172199576
1msl,6,ps,1msl_6_ps,1.9108164139919244
1msl,7,ps,1msl_7_ps,1.376663473339549
1msl,8,ps,1msl_8_ps,1.2646083228099945
1msl,9,ps,1msl_9_ps,1.3551185978924916
1msl,10,ps,1msl_10_ps,5.422917442013967
1msl,11,ps,1msl_11_ps,1.2288854460488858
1msl,12,ps,1msl_12_ps,1.2956265385711592
1msl,13,ps,1msl_13_ps,1.9067296604162955
1msl,14,ps,1msl_14_ps,2.698897332037397
1msl,15,ps,1msl_15_ps,1.3785947664605334
1msl,16,ps,1msl_16_ps,4.672917357836018
1msl,17,ps,1msl_17_ps,2.063371852952752
1msl,18,ps,1msl_18_ps,1.6167030448360082
1msl,19,ps,1msl_19_ps,5.077618247284687
1msl,20,ps,1msl_20_ps,1.4500224217694595
1msl,21,ps,1msl_21_ps,1.3928885070163528
1msl,22,ps,1msl_22_ps,5.1806535390542665
1msl,23,ps,1msl_23_ps,4.024914529865705
1msl,24,ps,1msl_24_ps,7.177163856767002
1msl,25,ps,1msl_25_ps,5.409853891063375
1msl,26,ps,1msl_26_ps,1.376046158434082
1msl,27,ps,1msl_27_ps,3.4663961402780603
1msl,28,ps,1msl_28_ps,5.879005563656799
1msl,29,ps,1msl_29_ps,2.8909781208803365
1msl,30,ps,1msl_30_ps,2.191456743347305
1msl,31,ps,1msl_31_ps,1.4459759629958566
1msl,32,ps,1msl_32_ps,1.368586514104415
1msl,33,ps,1msl_33_ps,7.1356885129652055
1msl,34,ps,1msl_34_ps,1.3863312611192553
1msl,35,ps,1msl_35_ps,4.466629865124673
1msl,36,ps,1msl_36_ps,1.3370275976337622
1msl,37,ps,1msl_37_ps,5.310913686838285
1msl,38,ps,1msl_38_ps,1.464547658877406
1msl,39,ps,1msl_39_ps,4.577087030075032
1msl,40,ps,1msl_40_ps,4.713878640622236
1msl,41,ps,1msl_41_ps,1.2660101996411528
1msl,42,ps,1msl_42_ps,1.1762284012641462
1msl,43,ps,1msl_43_ps,1.417812164787163
1msl,44,ps,1msl_44_ps,4.202332098448039
1msl,45,ps,1msl_45_ps,5.343544126316188
1msl,46,ps,1msl_46_ps,4.635650651719724
1msl,47,ps,1msl_47_ps,6.245604058439504
1msl,48,ps,1msl_48_ps,1.9025974126320504
1msl,49,ps,1msl_49_ps,1.157834316499431
3clq,0,ps,3clq_0_ps,2.213128993551852
3clq,1,ps,3clq_1_ps,2.494682952062453
3clq,2,ps,3clq_2_ps,8.253545078252953
3clq,3,ps,3clq_3_ps,2.528144361218432
3clq,4,ps,3clq_4_ps,2.274780715602528
3clq,5,ps,3clq_5_ps,0.598541642
3clq,6,ps,3clq_6_ps,2.1584039316160712
3clq,7,ps,3clq_7_ps,5.795906941373386
3clq,8,ps,3clq_8_ps,9.212616155034937
3clq,9,ps,3clq_9_ps,6.551015711858915
3clq,10,ps,3clq_10_ps,0.6420104868136889
3clq,11,ps,3clq_11_ps,3.9174952660456928
3clq,12,ps,3clq_12_ps,5.802741456948877
3clq,13,ps,3clq_13_ps,2.139794475227765
3clq,14,ps,3clq_14_ps,3.4425909506507315
3clq,15,ps,3clq_15_ps,1.043602340212823
3clq,16,ps,3clq_16_ps,3.409520148795388
3clq,17,ps,3clq_17_ps,2.3063527349618407
3clq,18,ps,3clq_18_ps,5.450603389983261
3clq,19,ps,3clq_19_ps,2.217844017362209
3clq,20,ps,3clq_20_ps,5.431810086644388
3clq,21,ps,3clq_21_ps,2.063846306363048
3clq,22,ps,3clq_22_ps,4.651384083884982
3clq,23,ps,3clq_23_ps,6.444101475631492
3clq,24,ps,3clq_24_ps,9.636024151771544
3clq,25,ps,3clq_25_ps,0.673452618
3clq,26,ps,3clq_26_ps,2.533023337207917
3clq,27,ps,3clq_27_ps,1.927357884500109
3clq,28,ps,3clq_28_ps,2.3169794398343124
3clq,29,ps,3clq_29_ps,2.128511775664738
3clq,30,ps,3clq_30_ps,6.450808607
3clq,31,ps,3clq_31_ps,2.2149678425340187
3clq,32,ps,3clq_32_ps,5.757591573641773
3clq,33,ps,3clq_33_ps,7.561878525600467
3clq,34,ps,3clq_34_ps,2.397943384242488
3clq,35,ps,3clq_35_ps,2.899362107677556
3clq,36,ps,3clq_36_ps,2.239530935608706
3clq,37,ps,3clq_37_ps,9.107573213990044
3clq,38,ps,3clq_38_ps,2.804865391205409
3clq,39,ps,3clq_39_ps,1.0638940305284026
3clq,40,ps,3clq_40_ps,7.065453032440464
3clq,41,ps,3clq_41_ps,3.506104038769092
3clq,42,ps,3clq_42_ps,2.128176278772285
3clq,43,ps,3clq_43_ps,2.136275431
3clq,44,ps,3clq_44_ps,2.2552615692093805
3clq,45,ps,3clq_45_ps,3.402137978664629
3clq,46,ps,3clq_46_ps,2.216514457583984
3clq,47,ps,3clq_47_ps,2.13694111
3clq,48,ps,3clq_48_ps,3.315806549386387
3clq,49,ps,3clq_49_ps,2.1343104145174854
1r5l,0,ps,1r5l_0_ps,4.964526286606498
1r5l,1,ps,1r5l_1_ps,3.918111288533793
1r5l,2,ps,1r5l_2_ps,3.858612850162789
1r5l,3,ps,1r5l_3_ps,5.334047750466449
1r5l,4,ps,1r5l_4_ps,6.549117252571004
1r5l,5,ps,1r5l_5_ps,7.100459099195785
1r5l,6,ps,1r5l_6_ps,4.012356491929253
1r5l,7,ps,1r5l_7_ps,6.128306901363126
1r5l,8,ps,1r5l_8_ps,4.448892131155964
1r5l,9,ps,1r5l_9_ps,7.093175332071238
1r5l,10,ps,1r5l_10_ps,6.179220394930707
1r5l,11,ps,1r5l_11_ps,3.918363931185667
1r5l,12,ps,1r5l_12_ps,6.217517233470495
1r5l,13,ps,1r5l_13_ps,4.046012120694963
1r5l,14,ps,1r5l_14_ps,4.277975540764148
1r5l,15,ps,1r5l_15_ps,3.907968892645567
1r5l,16,ps,1r5l_16_ps,5.214033518127549
1r5l,17,ps,1r5l_17_ps,4.578397268416609
1r5l,18,ps,1r5l_18_ps,4.249137312154353
1r5l,19,ps,1r5l_19_ps,6.520178768304922
1r5l,20,ps,1r5l_20_ps,4.025331332704599
1r5l,21,ps,1r5l_21_ps,3.074065871
1r5l,22,ps,1r5l_22_ps,4.159928348608891
1r5l,23,ps,1r5l_23_ps,4.147519196658847
1r5l,24,ps,1r5l_24_ps,6.757801247883214
1r5l,25,ps,1r5l_25_ps,6.906894549043356
1r5l,26,ps,1r5l_26_ps,6.1998199190628585
1r5l,27,ps,1r5l_27_ps,6.822406250787273
1r5l,28,ps,1r5l_28_ps,5.324848666
1r5l,29,ps,1r5l_29_ps,6.6789822056984445
1r5l,30,ps,1r5l_30_ps,5.726014506309327
1r5l,31,ps,1r5l_31_ps,3.810455040645487
1r5l,32,ps,1r5l_32_ps,6.842324415859368
1r5l,33,ps,1r5l_33_ps,5.284021087712214
1r5l,34,ps,1r5l_34_ps,3.952152242078208
1r5l,35,ps,1r5l_35_ps,6.495890565448378
1r5l,36,ps,1r5l_36_ps,4.190769600607698
1r5l,37,ps,1r5l_37_ps,6.333477353248734
1r5l,38,ps,1r5l_38_ps,6.178174054329418
1r5l,39,ps,1r5l_39_ps,4.940832193
1r5l,40,ps,1r5l_40_ps,5.696346526431323
1r5l,41,ps,1r5l_41_ps,6.275981316704999
1r5l,42,ps,1r5l_42_ps,4.550194799703706
1r5l,43,ps,1r5l_43_ps,4.083103926046757
1r5l,44,ps,1r5l_44_ps,3.876219264350123
1r5l,45,ps,1r5l_45_ps,4.777434511692349
1r5l,46,ps,1r5l_46_ps,6.686590305
1r5l,47,ps,1r5l_47_ps,3.206838667520078
1r5l,48,ps,1r5l_48_ps,3.556510914827679
1r5l,49,ps,1r5l_49_ps,3.573079316614138
2lkm,0,ps,2lkm_0_ps,2.178258554158361
2lkm,1,ps,2lkm_1_ps,1.2577614653676248
2lkm,2,ps,2lkm_2_ps,6.984917492235259
2lkm,3,ps,2lkm_3_ps,3.2490992786696964
2lkm,4,ps,2lkm_4_ps,1.8114154890566536
2lkm,5,ps,2lkm_5_ps,1.1654209744685768
2lkm,6,ps,2lkm_6_ps,1.1214543048374863
2lkm,7,ps,2lkm_7_ps,1.5464332298800758
2lkm,8,ps,2lkm_8_ps,4.55078231
2lkm,9,ps,2lkm_9_ps,1.524194911745418
2lkm,10,ps,2lkm_10_ps,6.871598357888073
2lkm,11,ps,2lkm_11_ps,1.1767794673417886
2lkm,12,ps,2lkm_12_ps,1.228010298613214
2lkm,13,ps,2lkm_13_ps,5.778601845613283
2lkm,14,ps,2lkm_14_ps,1.5105025766738696
2lkm,15,ps,2lkm_15_ps,2.687315761
2lkm,16,ps,2lkm_16_ps,2.9928315667179075
2lkm,17,ps,2lkm_17_ps,2.489935058064087
2lkm,18,ps,2lkm_18_ps,1.2546421413090494
2lkm,19,ps,2lkm_19_ps,3.960864589
2lkm,20,ps,2lkm_20_ps,6.420503305227734
2lkm,21,ps,2lkm_21_ps,2.1821219361176984
2lkm,22,ps,2lkm_22_ps,1.474382041345696
2lkm,23,ps,2lkm_23_ps,1.5667850304452555
2lkm,24,ps,2lkm_24_ps,1.329418663734792
2lkm,25,ps,2lkm_25_ps,1.466474955357336
2lkm,26,ps,2lkm_26_ps,3.150563061680677
2lkm,27,ps,2lkm_27_ps,1.1114936641435718
2lkm,28,ps,2lkm_28_ps,1.5008224121414724
2lkm,29,ps,2lkm_29_ps,1.4314828241872108
2lkm,30,ps,2lkm_30_ps,3.2068608350711107
2lkm,31,ps,2lkm_31_ps,7.105285139
2lkm,32,ps,2lkm_32_ps,1.3385506901255342
2lkm,33,ps,2lkm_33_ps,1.245668040633929
2lkm,34,ps,2lkm_34_ps,5.6424409436715015
2lkm,35,ps,2lkm_35_ps,1.425147996269902
2lkm,36,ps,2lkm_36_ps,4.941334409353383
2lkm,37,ps,2lkm_37_ps,1.0083864580685806
2lkm,38,ps,2lkm_38_ps,5.904535143765266
2lkm,39,ps,2lkm_39_ps,1.5225137386846226
2lkm,40,ps,2lkm_40_ps,1.443392411242359
2lkm,41,ps,2lkm_41_ps,1.5707337682657312
2lkm,42,ps,2lkm_42_ps,2.2399476582558644
2lkm,43,ps,2lkm_43_ps,1.5347496057122434
2lkm,44,ps,2lkm_44_ps,3.861599460311958
2lkm,45,ps,2lkm_45_ps,1.3206082791821725
2lkm,46,ps,2lkm_46_ps,3.423571202840638
2lkm,47,ps,2lkm_47_ps,1.5951342923219067
2lkm,48,ps,2lkm_48_ps,3.089875813
2lkm,49,ps,2lkm_49_ps,1.378278795819349
2oar,0,ps,2oar_0_ps,6.771290995002305
2oar,1,ps,2oar_1_ps,6.620712840693823
2oar,2,ps,2oar_2_ps,0.7567652770323461
2oar,3,ps,2oar_3_ps,0.4015433357749141
2oar,4,ps,2oar_4_ps,0.8538483820729048
2oar,5,ps,2oar_5_ps,0.4341668393376385
2oar,6,ps,2oar_6_ps,0.6031761587223086
2oar,7,ps,2oar_7_ps,5.692589956112499
2oar,8,ps,2oar_8_ps,0.4215051862666321
2oar,9,ps,2oar_9_ps,7.465162936358098
2oar,10,ps,2oar_10_ps,4.862531409976239
2oar,11,ps,2oar_11_ps,2.628215754128622
2oar,12,ps,2oar_12_ps,3.424640350655258
2oar,13,ps,2oar_13_ps,7.408688929264478
2oar,14,ps,2oar_14_ps,6.353834592209719
2oar,15,ps,2oar_15_ps,2.922771497519656
2oar,16,ps,2oar_16_ps,4.978220887445844
2oar,17,ps,2oar_17_ps,4.597787329281664
2oar,18,ps,2oar_18_ps,1.399814275235142
2oar,19,ps,2oar_19_ps,0.3370864986249891
2oar,20,ps,2oar_20_ps,5.734188653382484
2oar,21,ps,2oar_21_ps,0.4274908536044768
2oar,22,ps,2oar_22_ps,1.4728887252173828
2oar,23,ps,2oar_23_ps,0.3737443325799541
2oar,24,ps,2oar_24_ps,1.912242537976773
2oar,25,ps,2oar_25_ps,0.661501975
2oar,26,ps,2oar_26_ps,0.7661236607946069
2oar,27,ps,2oar_27_ps,6.789311808728375
2oar,28,ps,2oar_28_ps,2.436636367549716
2oar,29,ps,2oar_29_ps,5.3478476734688245
2oar,30,ps,2oar_30_ps,1.3995598016830058
2oar,31,ps,2oar_31_ps,0.3977544819498266
2oar,32,ps,2oar_32_ps,0.4861919483677572
2oar,33,ps,2oar_33_ps,4.493952858044495
2oar,34,ps,2oar_34_ps,0.8586128486330837
2oar,35,ps,2oar_35_ps,0.5073535605969107
2oar,36,ps,2oar_36_ps,4.404117060023573
2oar,37,ps,2oar_37_ps,0.3921944940558894
2oar,38,ps,2oar_38_ps,0.5304537815552262
2oar,39,ps,2oar_39_ps,3.379521152821657
2oar,40,ps,2oar_40_ps,0.4586433986994968
2oar,41,ps,2oar_41_ps,3.2576910301117588
2oar,42,ps,2oar_42_ps,4.973849181902464
2oar,43,ps,2oar_43_ps,3.871518506
2oar,44,ps,2oar_44_ps,3.650600543172704
2oar,45,ps,2oar_45_ps,6.128727578891941
2oar,46,ps,2oar_46_ps,0.6509467925711135
2oar,47,ps,2oar_47_ps,1.0519980586927125
2oar,48,ps,2oar_48_ps,5.369152682345555
2oar,49,ps,2oar_49_ps,3.1404340650812705
2qiw,0,ps,2qiw_0_ps,0.968151341
2qiw,1,ps,2qiw_1_ps,3.677343860286819
2qiw,2,ps,2qiw_2_ps,5.498441155845897
2qiw,3,ps,2qiw_3_ps,4.252154297357297
2qiw,4,ps,2qiw_4_ps,6.790728532055162
2qiw,5,ps,2qiw_5_ps,1.5912811399647566
2qiw,6,ps,2qiw_6_ps,5.844430692170223
2qiw,7,ps,2qiw_7_ps,1.4498274324888547
2qiw,8,ps,2qiw_8_ps,3.907590307680996
2qiw,9,ps,2qiw_9_ps,3.4809965925092574
2qiw,10,ps,2qiw_10_ps,5.123722823205838
2qiw,11,ps,2qiw_11_ps,1.7311523218593756
2qiw,12,ps,2qiw_12_ps,7.708708367736294
2qiw,13,ps,2qiw_13_ps,5.635141361440725
2qiw,14,ps,2qiw_14_ps,2.7253746007323323
2qiw,15,ps,2qiw_15_ps,7.985559707022499
2qiw,16,ps,2qiw_16_ps,2.071541493576739
2qiw,17,ps,2qiw_17_ps,6.425360209820193
2qiw,18,ps,2qiw_18_ps,8.672077267396467
2qiw,19,ps,2qiw_19_ps,7.486896525633246
2qiw,20,ps,2qiw_20_ps,1.4691462137218514
2qiw,21,ps,2qiw_21_ps,7.191714240703127
2qiw,22,ps,2qiw_22_ps,6.182124169762346
2qiw,23,ps,2qiw_23_ps,7.043858224622309
2qiw,24,ps,2qiw_24_ps,6.173387770810793
2qiw,25,ps,2qiw_25_ps,5.866910655896701
2qiw,26,ps,2qiw_26_ps,3.835988269608553
2qiw,27,ps,2qiw_27_ps,0.825770048
2qiw,28,ps,2qiw_28_ps,7.080462628511135
2qiw,29,ps,2qiw_29_ps,1.3440231736606565
2qiw,30,ps,2qiw_30_ps,2.710370136765256
2qiw,31,ps,2qiw_31_ps,1.296275095047884
2qiw,32,ps,2qiw_32_ps,6.855228331882315
2qiw,33,ps,2qiw_33_ps,2.409991574927701
2qiw,34,ps,2qiw_34_ps,5.654965968473637
2qiw,35,ps,2qiw_35_ps,1.4674778605381282
2qiw,36,ps,2qiw_36_ps,1.5574756592632877
2qiw,37,ps,2qiw_37_ps,0.9484201979921588
2qiw,38,ps,2qiw_38_ps,4.193878709483276
2qiw,39,ps,2qiw_39_ps,7.048845428553705
2qiw,40,ps,2qiw_40_ps,0.8215008916129349
2qiw,41,ps,2qiw_41_ps,6.059370602405539
2qiw,42,ps,2qiw_42_ps,6.725946292416741
2qiw,43,ps,2qiw_43_ps,4.817270236691352
2qiw,44,ps,2qiw_44_ps,5.395993067121188
2qiw,45,ps,2qiw_45_ps,4.495038046348939
2qiw,46,ps,2qiw_46_ps,5.474070961991748
2qiw,47,ps,2qiw_47_ps,1.1861266439590992
2qiw,48,ps,2qiw_48_ps,7.311261496465807
2qiw,49,ps,2qiw_49_ps,7.394204608735617
2qq8,0,ps,2qq8_0_ps,7.231048572016612
2qq8,1,ps,2qq8_1_ps,9.205838660047617
2qq8,2,ps,2qq8_2_ps,5.264689190609469
2qq8,3,ps,2qq8_3_ps,8.691122897879682
2qq8,4,ps,2qq8_4_ps,6.115819949580319
2qq8,5,ps,2qq8_5_ps,5.2960101462309614
2qq8,6,ps,2qq8_6_ps,9.153197536032687
2qq8,7,ps,2qq8_7_ps,10.258963234523591
2qq8,8,ps,2qq8_8_ps,5.325985523266854
2qq8,9,ps,2qq8_9_ps,8.008612464054169
2qq8,10,ps,2qq8_10_ps,8.224372154613521
2qq8,11,ps,2qq8_11_ps,5.932844353966508
2qq8,12,ps,2qq8_12_ps,7.196489591522541
2qq8,13,ps,2qq8_13_ps,5.5094739002265865
2qq8,14,ps,2qq8_14_ps,7.305422592216947
2qq8,15,ps,2qq8_15_ps,8.731659493226577
2qq8,16,ps,2qq8_16_ps,7.650094657446175
2qq8,17,ps,2qq8_17_ps,5.533823984857064
2qq8,18,ps,2qq8_18_ps,9.362177446095282
2qq8,19,ps,2qq8_19_ps,4.108296574805223
2qq8,20,ps,2qq8_20_ps,3.9449055694908384
2qq8,21,ps,2qq8_21_ps,10.283897829082363
2qq8,22,ps,2qq8_22_ps,6.7837761451321175
2qq8,23,ps,2qq8_23_ps,4.988766106642148
2qq8,24,ps,2qq8_24_ps,8.341567704768206
2qq8,25,ps,2qq8_25_ps,6.527008285440055
2qq8,26,ps,2qq8_26_ps,8.584573637
2qq8,27,ps,2qq8_27_ps,9.000988911512824
2qq8,28,ps,2qq8_28_ps,4.241792649179874
2qq8,29,ps,2qq8_29_ps,9.367961224821846
2qq8,30,ps,2qq8_30_ps,6.542895166023777
2qq8,31,ps,2qq8_31_ps,4.064849964582671
2qq8,32,ps,2qq8_32_ps,4.637906554767745
2qq8,33,ps,2qq8_33_ps,4.672994277118288
2qq8,34,ps,2qq8_34_ps,5.628425349380457
2qq8,35,ps,2qq8_35_ps,10.841308541085716
2qq8,36,ps,2qq8_36_ps,5.333006330135914
2qq8,37,ps,2qq8_37_ps,4.778406137924611
2qq8,38,ps,2qq8_38_ps,7.551549389397508
2qq8,39,ps,2qq8_39_ps,4.641963102661303
2qq8,40,ps,2qq8_40_ps,6.403375923559065
2qq8,41,ps,2qq8_41_ps,6.243443184
2qq8,42,ps,2qq8_42_ps,4.072113893227463
2qq8,43,ps,2qq8_43_ps,4.2972229505500605
2qq8,44,ps,2qq8_44_ps,8.915488557283293
2qq8,45,ps,2qq8_45_ps,9.755882722744175
2qq8,46,ps,2qq8_46_ps,4.621990499895759
2qq8,47,ps,2qq8_47_ps,3.751960683525668
2qq8,48,ps,2qq8_48_ps,9.927926223383045
2qq8,49,ps,2qq8_49_ps,9.515398727837564
3c8v,0,ps,3c8v_0_ps,8.333013706435423
3c8v,1,ps,3c8v_1_ps,2.5269449667717403
3c8v,2,ps,3c8v_2_ps,8.219501979306832
3c8v,3,ps,3c8v_3_ps,4.985301286821535
3c8v,4,ps,3c8v_4_ps,0.7252315816007555
3c8v,5,ps,3c8v_5_ps,0.8601306203377947
3c8v,6,ps,3c8v_6_ps,0.8463511239639343
3c8v,7,ps,3c8v_7_ps,7.342187716573932
3c8v,8,ps,3c8v_8_ps,0.8028123905366016
3c8v,9,ps,3c8v_9_ps,0.7217058555064978
3c8v,10,ps,3c8v_10_ps,0.8937463984243127
3c8v,11,ps,3c8v_11_ps,0.7850796606481569
3c8v,12,ps,3c8v_12_ps,4.668327275099763
3c8v,13,ps,3c8v_13_ps,1.4755342324246934
3c8v,14,ps,3c8v_14_ps,1.878249915605951
3c8v,15,ps,3c8v_15_ps,4.9324309920660445
3c8v,16,ps,3c8v_16_ps,5.788444997119985
3c8v,17,ps,3c8v_17_ps,6.749715906898102
3c8v,18,ps,3c8v_18_ps,6.559778399660474
3c8v,19,ps,3c8v_19_ps,1.3123768339949995
3c8v,20,ps,3c8v_20_ps,6.051293815
3c8v,21,ps,3c8v_21_ps,4.310846472929438
3c8v,22,ps,3c8v_22_ps,1.994021414261133
3c8v,23,ps,3c8v_23_ps,1.956114745030632
3c8v,24,ps,3c8v_24_ps,1.1611676969273943
3c8v,25,ps,3c8v_25_ps,1.001428643949469
3c8v,26,ps,3c8v_26_ps,5.3488746461486425
3c8v,27,ps,3c8v_27_ps,5.593283270656964
3c8v,28,ps,3c8v_28_ps,0.6117919270913291
3c8v,29,ps,3c8v_29_ps,3.2932461840055014
3c8v,30,ps,3c8v_30_ps,3.1171543052645934
3c8v,31,ps,3c8v_31_ps,1.3185610111703134
3c8v,32,ps,3c8v_32_ps,0.5973087241272134
3c8v,33,ps,3c8v_33_ps,3.110577842753753
3c8v,34,ps,3c8v_34_ps,0.8112037643226575
3c8v,35,ps,3c8v_35_ps,0.6643824630259965
3c8v,36,ps,3c8v_36_ps,3.081377109753669
3c8v,37,ps,3c8v_37_ps,0.8527628544580509
3c8v,38,ps,3c8v_38_ps,0.7590150776235722
3c8v,39,ps,3c8v_39_ps,0.7713604486341307
3c8v,40,ps,3c8v_40_ps,5.021371641929664
3c8v,41,ps,3c8v_41_ps,3.7911163807399753
3c8v,42,ps,3c8v_42_ps,6.308013737187194
3c8v,43,ps,3c8v_43_ps,4.937130604
3c8v,44,ps,3c8v_44_ps,0.7926923504023755
3c8v,45,ps,3c8v_45_ps,7.649593264511446
3c8v,46,ps,3c8v_46_ps,1.4799618790303628
3c8v,47,ps,3c8v_47_ps,3.026043979650688
3c8v,48,ps,3c8v_48_ps,6.538225094543957
3c8v,49,ps,3c8v_49_ps,6.400693155698581
3ewk,0,ps,3ewk_0_ps,7.082939663235554
3ewk,1,ps,3ewk_1_ps,6.078120089865985
3ewk,2,ps,3ewk_2_ps,3.9270278625967214
3ewk,3,ps,3ewk_3_ps,6.707188376727823
3ewk,4,ps,3ewk_4_ps,1.130980192483895
3ewk,5,ps,3ewk_5_ps,5.790140982859586
3ewk,6,ps,3ewk_6_ps,1.885376658824611
3ewk,7,ps,3ewk_7_ps,0.7635048938669176
3ewk,8,ps,3ewk_8_ps,1.0021914564012018
3ewk,9,ps,3ewk_9_ps,1.277670897826646
3ewk,10,ps,3ewk_10_ps,3.700467888824349
3ewk,11,ps,3ewk_11_ps,1.4136637515061945
3ewk,12,ps,3ewk_12_ps,1.4537399602516998
3ewk,13,ps,3ewk_13_ps,1.378666889232178
3ewk,14,ps,3ewk_14_ps,0.8859640064265468
3ewk,15,ps,3ewk_15_ps,4.073847999030907
3ewk,16,ps,3ewk_16_ps,3.254577606251367
3ewk,17,ps,3ewk_17_ps,5.1172369637259125
3ewk,18,ps,3ewk_18_ps,1.6359097807033032
3ewk,19,ps,3ewk_19_ps,4.063774123122219
3ewk,20,ps,3ewk_20_ps,2.6297274209685213
3ewk,21,ps,3ewk_21_ps,3.869777569586455
3ewk,22,ps,3ewk_22_ps,2.9249269302777137
3ewk,23,ps,3ewk_23_ps,6.771952185613793
3ewk,24,ps,3ewk_24_ps,3.676319946793139
3ewk,25,ps,3ewk_25_ps,6.243199317348139
3ewk,26,ps,3ewk_26_ps,2.153890465109202
3ewk,27,ps,3ewk_27_ps,5.817526876081384
3ewk,28,ps,3ewk_28_ps,0.7269416413405617
3ewk,29,ps,3ewk_29_ps,4.766067210679005
3ewk,30,ps,3ewk_30_ps,4.608718572790694
3ewk,31,ps,3ewk_31_ps,0.7144460083513157
3ewk,32,ps,3ewk_32_ps,0.9451843976062936
3ewk,33,ps,3ewk_33_ps,0.5704389703954763
3ewk,34,ps,3ewk_34_ps,7.036629217
3ewk,35,ps,3ewk_35_ps,3.3843492485095616
3ewk,36,ps,3ewk_36_ps,1.938001274685084
3ewk,37,ps,3ewk_37_ps,0.8468788658602004
3ewk,38,ps,3ewk_38_ps,5.272946344910732
3ewk,39,ps,3ewk_39_ps,4.722332048440638
3ewk,40,ps,3ewk_40_ps,0.7116558191716706
3ewk,41,ps,3ewk_41_ps,1.6624956315669452
3ewk,42,ps,3ewk_42_ps,5.678843977825834
3ewk,43,ps,3ewk_43_ps,3.846777418343288
3ewk,44,ps,3ewk_44_ps,5.637936524974042
3ewk,45,ps,3ewk_45_ps,7.783729956476069
3ewk,46,ps,3ewk_46_ps,2.327429582096152
3ewk,47,ps,3ewk_47_ps,0.8196861718330796
3ewk,48,ps,3ewk_48_ps,0.7160516121364537
3ewk,49,ps,3ewk_49_ps,5.558126905181831
3h25,0,ps,3h25_0_ps,2.1428782611896207
3h25,1,ps,3h25_1_ps,0.9491253465450624
3h25,2,ps,3h25_2_ps,1.008673053581513
3h25,3,ps,3h25_3_ps,0.879467093
3h25,4,ps,3h25_4_ps,1.0204076748866255
3h25,5,ps,3h25_5_ps,0.9647505124405338
3h25,6,ps,3h25_6_ps,3.166157587858631
3h25,7,ps,3h25_7_ps,7.471459367360904
3h25,8,ps,3h25_8_ps,3.8877124593395416
3h25,9,ps,3h25_9_ps,6.277227679581855
3h25,10,ps,3h25_10_ps,1.0265545036201893
3h25,11,ps,3h25_11_ps,1.464217729186493
3h25,12,ps,3h25_12_ps,0.95111263
3h25,13,ps,3h25_13_ps,4.09683079
3h25,14,ps,3h25_14_ps,4.166342048715459
3h25,15,ps,3h25_15_ps,2.2504643914677707
3h25,16,ps,3h25_16_ps,1.6940861217130496
3h25,17,ps,3h25_17_ps,6.104208773141179
3h25,18,ps,3h25_18_ps,1.1117382935168645
3h25,19,ps,3h25_19_ps,1.083951778437258
3h25,20,ps,3h25_20_ps,1.0200353435863003
3h25,21,ps,3h25_21_ps,1.0288538520464652
3h25,22,ps,3h25_22_ps,2.2015222441523963
3h25,23,ps,3h25_23_ps,0.9514585341109556
3h25,24,ps,3h25_24_ps,7.836236938
3h25,25,ps,3h25_25_ps,1.053826564211032
3h25,26,ps,3h25_26_ps,4.456783550577616
3h25,27,ps,3h25_27_ps,0.9892184913404743
3h25,28,ps,3h25_28_ps,4.149760292208224
3h25,29,ps,3h25_29_ps,8.975212889460217
3h25,30,ps,3h25_30_ps,0.93262184
3h25,31,ps,3h25_31_ps,0.8533141991834404
3h25,32,ps,3h25_32_ps,5.7481544186443925
3h25,33,ps,3h25_33_ps,5.154922517921243
3h25,34,ps,3h25_34_ps,0.9322859666248732
3h25,35,ps,3h25_35_ps,2.438876042396158
3h25,36,ps,3h25_36_ps,4.468651574391378
3h25,37,ps,3h25_37_ps,3.661156021740585
3h25,38,ps,3h25_38_ps,0.8020916112662526
3h25,39,ps,3h25_39_ps,6.109434676793535
3h25,40,ps,3h25_40_ps,1.0397848042347184
3h25,41,ps,3h25_41_ps,1.1132258244152529
3h25,42,ps,3h25_42_ps,2.6234128604388443
3h25,43,ps,3h25_43_ps,1.0306329672964076
3h25,44,ps,3h25_44_ps,8.984349439501685
3h25,45,ps,3h25_45_ps,0.8740795880400895
3h25,46,ps,3h25_46_ps,0.999942951
3h25,47,ps,3h25_47_ps,6.400867713279986
3h25,48,ps,3h25_48_ps,3.690903389401437
3h25,49,ps,3h25_49_ps,0.6699165410755336
3m9q,0,ps,3m9q_0_ps,3.243191504798589
3m9q,1,ps,3m9q_1_ps,5.920174031875986
3m9q,2,ps,3m9q_2_ps,0.8259932996469697
3m9q,3,ps,3m9q_3_ps,6.391823504669364
3m9q,4,ps,3m9q_4_ps,3.4237490677793883
3m9q,5,ps,3m9q_5_ps,4.580683815815423
3m9q,6,ps,3m9q_6_ps,0.5299824075234718
3m9q,7,ps,3m9q_7_ps,4.4991283943937415
3m9q,8,ps,3m9q_8_ps,7.115683339
3m9q,9,ps,3m9q_9_ps,6.504917649290586
3m9q,10,ps,3m9q_10_ps,6.277739524338635
3m9q,11,ps,3m9q_11_ps,0.938956203
3m9q,12,ps,3m9q_12_ps,5.615871107601291
3m9q,13,ps,3m9q_13_ps,2.305960422155408
3m9q,14,ps,3m9q_14_ps,5.676009206208302
3m9q,15,ps,3m9q_15_ps,3.2322832407626425
3m9q,16,ps,3m9q_16_ps,1.874300935
3m9q,17,ps,3m9q_17_ps,2.923872733638692
3m9q,18,ps,3m9q_18_ps,1.9048370451357923
3m9q,19,ps,3m9q_19_ps,1.385906041381091
3m9q,20,ps,3m9q_20_ps,1.035374368429782
3m9q,21,ps,3m9q_21_ps,0.4334237230792872
3m9q,22,ps,3m9q_22_ps,0.8148659009753417
3m9q,23,ps,3m9q_23_ps,6.243935944035098
3m9q,24,ps,3m9q_24_ps,3.427391619940005
3m9q,25,ps,3m9q_25_ps,0.7699209270573353
3m9q,26,ps,3m9q_26_ps,0.6292164671264189
3m9q,27,ps,3m9q_27_ps,6.225787486825433
3m9q,28,ps,3m9q_28_ps,0.4737033030449988
3m9q,29,ps,3m9q_29_ps,0.4697126116132363
3m9q,30,ps,3m9q_30_ps,0.524737956
3m9q,31,ps,3m9q_31_ps,0.4266134735076695
3m9q,32,ps,3m9q_32_ps,3.5670445668943467
3m9q,33,ps,3m9q_33_ps,5.746953132590489
3m9q,34,ps,3m9q_34_ps,5.800138450966419
3m9q,35,ps,3m9q_35_ps,3.178559044738279
3m9q,36,ps,3m9q_36_ps,0.4289335643736428
3m9q,37,ps,3m9q_37_ps,4.279925418684195
3m9q,38,ps,3m9q_38_ps,0.3770638407637451
3m9q,39,ps,3m9q_39_ps,4.751904415859434
3m9q,40,ps,3m9q_40_ps,2.062924965173296
3m9q,41,ps,3m9q_41_ps,0.5444231350799049
3m9q,42,ps,3m9q_42_ps,0.6182604656869404
3m9q,43,ps,3m9q_43_ps,5.956851944022766
3m9q,44,ps,3m9q_44_ps,7.374020299371689
3m9q,45,ps,3m9q_45_ps,3.158550492720728
3m9q,46,ps,3m9q_46_ps,2.1975488354042394
3m9q,47,ps,3m9q_47_ps,6.474832964182358
3m9q,48,ps,3m9q_48_ps,1.7562180012899644
3m9q,49,ps,3m9q_49_ps,0.5108636598572143
3sb1,0,ps,3sb1_0_ps,8.570272751944632
3sb1,1,ps,3sb1_1_ps,6.198271128886072
3sb1,2,ps,3sb1_2_ps,6.4359566921865765
3sb1,3,ps,3sb1_3_ps,6.276322621326333
3sb1,4,ps,3sb1_4_ps,3.226761131545831
3sb1,5,ps,3sb1_5_ps,7.714573175634966
3sb1,6,ps,3sb1_6_ps,3.572283912140521
3sb1,7,ps,3sb1_7_ps,6.9759733389161225
3sb1,8,ps,3sb1_8_ps,1.432247063606969
3sb1,9,ps,3sb1_9_ps,4.708892955549243
3sb1,10,ps,3sb1_10_ps,0.9383578063580776
3sb1,11,ps,3sb1_11_ps,1.6980285545257665
3sb1,12,ps,3sb1_12_ps,3.4059550866365016
3sb1,13,ps,3sb1_13_ps,1.7451680641891272
3sb1,14,ps,3sb1_14_ps,1.2164093331142938
3sb1,15,ps,3sb1_15_ps,7.114262705364652
3sb1,16,ps,3sb1_16_ps,2.227631001329052
3sb1,17,ps,3sb1_17_ps,5.591759797565253
3sb1,18,ps,3sb1_18_ps,2.925318161052536
3sb1,19,ps,3sb1_19_ps,6.350660136594638
3sb1,20,ps,3sb1_20_ps,5.365378315608742
3sb1,21,ps,3sb1_21_ps,3.586236998573369
3sb1,22,ps,3sb1_22_ps,6.580298159490788
3sb1,23,ps,3sb1_23_ps,4.835001234588939
3sb1,24,ps,3sb1_24_ps,7.365047968587159
3sb1,25,ps,3sb1_25_ps,1.8021889172385224
3sb1,26,ps,3sb1_26_ps,5.866080928229935
3sb1,27,ps,3sb1_27_ps,0.7629212810335838
3sb1,28,ps,3sb1_28_ps,5.921763686288909
3sb1,29,ps,3sb1_29_ps,3.901267623299319
3sb1,30,ps,3sb1_30_ps,7.024536399884393
3sb1,31,ps,3sb1_31_ps,4.655133168480165
3sb1,32,ps,3sb1_32_ps,7.566681114328627
3sb1,33,ps,3sb1_33_ps,1.7581468187938505
3sb1,34,ps,3sb1_34_ps,4.325767728988684
3sb1,35,ps,3sb1_35_ps,2.100419288739056
3sb1,36,ps,3sb1_36_ps,6.177566724
3sb1,37,ps,3sb1_37_ps,2.819392359
3sb1,38,ps,3sb1_38_ps,2.468964540841092
3sb1,39,ps,3sb1_39_ps,6.7803973949627885
3sb1,40,ps,3sb1_40_ps,5.635150127018847
3sb1,41,ps,3sb1_41_ps,1.5860988516073036
3sb1,42,ps,3sb1_42_ps,1.629536473416468
3sb1,43,ps,3sb1_43_ps,0.8264094342599367
3sb1,44,ps,3sb1_44_ps,1.6089396878728368
3sb1,45,ps,3sb1_45_ps,1.5687972316242869
3sb1,46,ps,3sb1_46_ps,3.739170356977079
3sb1,47,ps,3sb1_47_ps,3.426773035597777
3sb1,48,ps,3sb1_48_ps,4.200437686457508
3sb1,49,ps,3sb1_49_ps,0.8215400375830129
3w68,0,ps,3w68_0_ps,4.879266055837942
3w68,1,ps,3w68_1_ps,3.234732424141798
3w68,2,ps,3w68_2_ps,6.758199350680747
3w68,3,ps,3w68_3_ps,7.062983979602835
3w68,4,ps,3w68_4_ps,5.2930433670170975
3w68,5,ps,3w68_5_ps,5.037887485137684
3w68,6,ps,3w68_6_ps,6.211756039
3w68,7,ps,3w68_7_ps,3.983383314598551
3w68,8,ps,3w68_8_ps,4.1777228394631925
3w68,9,ps,3w68_9_ps,5.827181153152044
3w68,10,ps,3w68_10_ps,3.688997367683534
3w68,11,ps,3w68_11_ps,4.639154141596876
3w68,12,ps,3w68_12_ps,4.303306148412654
3w68,13,ps,3w68_13_ps,3.974733598847021
3w68,14,ps,3w68_14_ps,5.655997670764434
3w68,15,ps,3w68_15_ps,3.568391802215368
3w68,16,ps,3w68_16_ps,5.739597718854855
3w68,17,ps,3w68_17_ps,5.267392223615244
3w68,18,ps,3w68_18_ps,5.416588126371198
3w68,19,ps,3w68_19_ps,4.138361428009628
3w68,20,ps,3w68_20_ps,3.822536178627229
3w68,21,ps,3w68_21_ps,3.624146635085412
3w68,22,ps,3w68_22_ps,5.274492130268005
3w68,23,ps,3w68_23_ps,5.733967397064244
3w68,24,ps,3w68_24_ps,6.505893324457353
3w68,25,ps,3w68_25_ps,3.556603228340828
3w68,26,ps,3w68_26_ps,4.053589957378749
3w68,27,ps,3w68_27_ps,4.389634192772123
3w68,28,ps,3w68_28_ps,4.223212098205854
3w68,29,ps,3w68_29_ps,3.703857933082786
3w68,30,ps,3w68_30_ps,3.7311458741381727
3w68,31,ps,3w68_31_ps,3.687432688298075
3w68,32,ps,3w68_32_ps,5.744001892344554
3w68,33,ps,3w68_33_ps,4.609851725
3w68,34,ps,3w68_34_ps,4.093674862392913
3w68,35,ps,3w68_35_ps,2.8378546897816586
3w68,36,ps,3w68_36_ps,4.704617644
3w68,37,ps,3w68_37_ps,6.685301155985717
3w68,38,ps,3w68_38_ps,5.434260336463431
3w68,39,ps,3w68_39_ps,6.166619886616096
3w68,40,ps,3w68_40_ps,5.765158974715571
3w68,41,ps,3w68_41_ps,4.818194514
3w68,42,ps,3w68_42_ps,3.361942264857672
3w68,43,ps,3w68_43_ps,4.029885168
3w68,44,ps,3w68_44_ps,3.839137341239871
3w68,45,ps,3w68_45_ps,3.997452496883953
3w68,46,ps,3w68_46_ps,5.466898449581843
3w68,47,ps,3w68_47_ps,6.4256762117808135
3w68,48,ps,3w68_48_ps,6.814977614
3w68,49,ps,3w68_49_ps,4.390976368882733
1n7d,0,ps,1n7d_0_ps,8.303069406
1n7d,1,ps,1n7d_1_ps,10.444960252276257
1n7d,2,ps,1n7d_2_ps,4.675724461246247
1n7d,3,ps,1n7d_3_ps,7.546597926715612
1n7d,4,ps,1n7d_4_ps,7.728490839825866
1n7d,5,ps,1n7d_5_ps,7.570929215202434
1n7d,6,ps,1n7d_6_ps,8.074828293943291
1n7d,7,ps,1n7d_7_ps,8.767403589481779
1n7d,8,ps,1n7d_8_ps,6.965638897679088
1n7d,9,ps,1n7d_9_ps,9.060607171286067
1n7d,10,ps,1n7d_10_ps,7.2103678034417635
1n7d,11,ps,1n7d_11_ps,5.827543044794261
1n7d,12,ps,1n7d_12_ps,9.307625860147326
1n7d,13,ps,1n7d_13_ps,7.377918322
1n7d,14,ps,1n7d_14_ps,7.425855517401216
1n7d,15,ps,1n7d_15_ps,8.838447255803727
1n7d,16,ps,1n7d_16_ps,5.877718404
1n7d,17,ps,1n7d_17_ps,9.208042560203952
1n7d,18,ps,1n7d_18_ps,9.742899003116731
1n7d,19,ps,1n7d_19_ps,6.816230362548587
1n7d,20,ps,1n7d_20_ps,7.201115912291265
1n7d,21,ps,1n7d_21_ps,6.047226646002233
1n7d,22,ps,1n7d_22_ps,7.622439810055839
1n7d,23,ps,1n7d_23_ps,8.025636943263466
1n7d,24,ps,1n7d_24_ps,9.342912909
1n7d,25,ps,1n7d_25_ps,8.602895840990678
1n7d,26,ps,1n7d_26_ps,6.840884769105302
1n7d,27,ps,1n7d_27_ps,5.742101872197745
1n7d,28,ps,1n7d_28_ps,5.684590072835284
1n7d,29,ps,1n7d_29_ps,7.400529322600752
1n7d,30,ps,1n7d_30_ps,8.843019150060519
1n7d,31,ps,1n7d_31_ps,8.524599078834667
1n7d,32,ps,1n7d_32_ps,8.217621451768602
1n7d,33,ps,1n7d_33_ps,6.155836859126033
1n7d,34,ps,1n7d_34_ps,5.702567629816576
1n7d,35,ps,1n7d_35_ps,8.260683219
1n7d,36,ps,1n7d_36_ps,4.828906683355656
1n7d,37,ps,1n7d_37_ps,9.428896068582269
1n7d,38,ps,1n7d_38_ps,6.452522262878574
1n7d,39,ps,1n7d_39_ps,9.249659587237316
1n7d,40,ps,1n7d_40_ps,10.391253820090409
1n7d,41,ps,1n7d_41_ps,6.6488925687803855
1n7d,42,ps,1n7d_42_ps,10.089173134273326
1n7d,43,ps,1n7d_43_ps,8.097439412669457
1n7d,44,ps,1n7d_44_ps,10.853498653952771
1n7d,45,ps,1n7d_45_ps,6.402735835541115
1n7d,46,ps,1n7d_46_ps,6.296969591881906
1n7d,47,ps,1n7d_47_ps,5.231925420460376
1n7d,48,ps,1n7d_48_ps,10.158560219735977
1n7d,49,ps,1n7d_49_ps,8.497772469877718
5u1y,0,ps,5u1y_0_ps,2.956872163057905
5u1y,1,ps,5u1y_1_ps,2.707071263030684
5u1y,2,ps,5u1y_2_ps,9.137521921
5u1y,3,ps,5u1y_3_ps,2.6856916826987742
5u1y,4,ps,5u1y_4_ps,2.6558002102913743
5u1y,5,ps,5u1y_5_ps,2.6094277247630324
5u1y,6,ps,5u1y_6_ps,2.9492897362873403
5u1y,7,ps,5u1y_7_ps,2.708216779211197
5u1y,8,ps,5u1y_8_ps,5.041747471008503
5u1y,9,ps,5u1y_9_ps,2.831345286848392
5u1y,10,ps,5u1y_10_ps,2.357036187919232
5u1y,11,ps,5u1y_11_ps,5.839347385557016
5u1y,12,ps,5u1y_12_ps,2.811464308617324
5u1y,13,ps,5u1y_13_ps,6.123017675605061
5u1y,14,ps,5u1y_14_ps,2.5901491936369934
5u1y,15,ps,5u1y_15_ps,3.693239698016156
5u1y,16,ps,5u1y_16_ps,7.114985056
5u1y,17,ps,5u1y_17_ps,3.822902019835015
5u1y,18,ps,5u1y_18_ps,2.5928359952093576
5u1y,19,ps,5u1y_19_ps,3.802221468887073
5u1y,20,ps,5u1y_20_ps,7.107373019164861
5u1y,21,ps,5u1y_21_ps,3.4557236053208613
5u1y,22,ps,5u1y_22_ps,3.847370393301973
5u1y,23,ps,5u1y_23_ps,5.567491165625451
5u1y,24,ps,5u1y_24_ps,8.166227520786954
5u1y,25,ps,5u1y_25_ps,2.9345679264675257
5u1y,26,ps,5u1y_26_ps,4.283234788692152
5u1y,27,ps,5u1y_27_ps,1.8735885929590088
5u1y,28,ps,5u1y_28_ps,6.102500293838361
5u1y,29,ps,5u1y_29_ps,2.703552147354595
5u1y,30,ps,5u1y_30_ps,4.487690021924917
5u1y,31,ps,5u1y_31_ps,8.437776759555467
5u1y,32,ps,5u1y_32_ps,7.5412865081009635
5u1y,33,ps,5u1y_33_ps,3.414546130581717
5u1y,34,ps,5u1y_34_ps,2.5746927342152173
5u1y,35,ps,5u1y_35_ps,2.5769938395193424
5u1y,36,ps,5u1y_36_ps,4.594177291779993
5u1y,37,ps,5u1y_37_ps,2.3920135821947466
5u1y,38,ps,5u1y_38_ps,2.6185784059313306
5u1y,39,ps,5u1y_39_ps,4.696466590214677
5u1y,40,ps,5u1y_40_ps,7.23830688
5u1y,41,ps,5u1y_41_ps,2.438886538963302
5u1y,42,ps,5u1y_42_ps,5.863891899347808
5u1y,43,ps,5u1y_43_ps,2.6568280893048857
5u1y,44,ps,5u1y_44_ps,2.543761634380748
5u1y,45,ps,5u1y_45_ps,4.958956985586195
5u1y,46,ps,5u1y_46_ps,2.769991293
5u1y,47,ps,5u1y_47_ps,2.7044768868281146
5u1y,48,ps,5u1y_48_ps,3.419291919638085
5u1y,49,ps,5u1y_49_ps,6.106972984598554
1emn,0,ps,1emn_0_ps,14.396727035367237
1emn,1,ps,1emn_1_ps,5.957271217464806
1emn,2,ps,1emn_2_ps,4.800399356288378
1emn,3,ps,1emn_3_ps,11.295153865705906
1emn,4,ps,1emn_4_ps,14.131707073512372
1emn,5,ps,1emn_5_ps,7.225418062
1emn,6,ps,1emn_6_ps,11.54292960665012
1emn,7,ps,1emn_7_ps,10.12705829701584
1emn,8,ps,1emn_8_ps,5.135885338055828
1emn,9,ps,1emn_9_ps,8.700707803631822
1emn,10,ps,1emn_10_ps,10.793452379841076
1emn,11,ps,1emn_11_ps,10.720649546803005
1emn,12,ps,1emn_12_ps,8.499924836003029
1emn,13,ps,1emn_13_ps,8.712723156384845
1emn,14,ps,1emn_14_ps,10.579837678998045
1emn,15,ps,1emn_15_ps,5.305628289505853
1emn,16,ps,1emn_16_ps,12.846861695509093
1emn,17,ps,1emn_17_ps,7.184899884153242
1emn,18,ps,1emn_18_ps,4.481172208
1emn,19,ps,1emn_19_ps,11.362562522627572
1emn,20,ps,1emn_20_ps,5.504645341364091
1emn,21,ps,1emn_21_ps,10.29427769564729
1emn,22,ps,1emn_22_ps,8.321774515361907
1emn,23,ps,1emn_23_ps,16.349908769849677
1emn,24,ps,1emn_24_ps,8.454356293661231
1emn,25,ps,1emn_25_ps,5.201425106033976
1emn,26,ps,1emn_26_ps,8.852209048806094
1emn,27,ps,1emn_27_ps,11.120759699602194
1emn,28,ps,1emn_28_ps,6.156072663867217
1emn,29,ps,1emn_29_ps,8.842832436081865
1emn,30,ps,1emn_30_ps,9.172869624
1emn,31,ps,1emn_31_ps,11.949768189008957
1emn,32,ps,1emn_32_ps,8.473983642690385
1emn,33,ps,1emn_33_ps,7.145111393520061
1emn,34,ps,1emn_34_ps,9.429677551277392
1emn,35,ps,1emn_35_ps,4.497215571
1emn,36,ps,1emn_36_ps,9.394472146239352
1emn,37,ps,1emn_37_ps,3.514386396073076
1emn,38,ps,1emn_38_ps,10.15383462642584
1emn,39,ps,1emn_39_ps,9.396996282580831
1emn,40,ps,1emn_40_ps,6.950798254
1emn,41,ps,1emn_41_ps,10.811646859238564
1emn,42,ps,1emn_42_ps,5.999209363673306
1emn,43,ps,1emn_43_ps,10.017667746666884
1emn,44,ps,1emn_44_ps,6.144462820573262
1emn,45,ps,1emn_45_ps,6.615846165
1emn,46,ps,1emn_46_ps,7.345963438962324
1emn,47,ps,1emn_47_ps,9.284615236355638
1emn,48,ps,1emn_48_ps,7.089969493388038
1emn,49,ps,1emn_49_ps,13.389339441199406
1lql,0,ps,1lql_0_ps,17.628813801818733
1lql,1,ps,1lql_1_ps,14.965047324140407
1lql,2,ps,1lql_2_ps,8.649959347342309
1lql,3,ps,1lql_3_ps,18.38245161305177
1lql,4,ps,1lql_4_ps,8.979654513456499
1lql,5,ps,1lql_5_ps,11.54541346906748
1lql,6,ps,1lql_6_ps,5.142388138
1lql,7,ps,1lql_7_ps,11.48627190925857
1lql,8,ps,1lql_8_ps,9.131240045669296
1lql,9,ps,1lql_9_ps,13.70803425732954
1lql,10,ps,1lql_10_ps,17.491979886552652
1lql,11,ps,1lql_11_ps,15.54365726
1lql,12,ps,1lql_12_ps,12.03522095900825
1lql,13,ps,1lql_13_ps,8.209860980660839
1lql,14,ps,1lql_14_ps,11.00595723744543
1lql,15,ps,1lql_15_ps,14.63929811043432
1lql,16,ps,1lql_16_ps,10.607667897346836
1lql,17,ps,1lql_17_ps,15.73480706572002
1lql,18,ps,1lql_18_ps,17.596774028353263
1lql,19,ps,1lql_19_ps,11.501448064875024
1lql,20,ps,1lql_20_ps,19.61918043230493
1lql,21,ps,1lql_21_ps,12.71651262421482
1lql,22,ps,1lql_22_ps,19.03637228575032
1lql,23,ps,1lql_23_ps,15.041964161882442
1lql,24,ps,1lql_24_ps,10.317561716459428
1lql,25,ps,1lql_25_ps,15.345589340002787
1lql,26,ps,1lql_26_ps,13.630576619189831
1lql,27,ps,1lql_27_ps,11.922475306475524
1lql,28,ps,1lql_28_ps,16.75483082111995
1lql,29,ps,1lql_29_ps,16.16496841904995
1lql,30,ps,1lql_30_ps,9.814518587731357
1lql,31,ps,1lql_31_ps,17.079073151331535
1lql,32,ps,1lql_32_ps,19.51995995804864
1lql,33,ps,1lql_33_ps,13.041355602160658
1lql,34,ps,1lql_34_ps,13.995540705182083
1lql,35,ps,1lql_35_ps,5.463543624
1lql,36,ps,1lql_36_ps,15.434274969207983
1lql,37,ps,1lql_37_ps,6.506721948402445
1lql,38,ps,1lql_38_ps,19.08456689932931
1lql,39,ps,1lql_39_ps,15.70435587646279
1lql,40,ps,1lql_40_ps,11.465108855947507
1lql,41,ps,1lql_41_ps,11.074307516009052
1lql,42,ps,1lql_42_ps,11.580702724508972
1lql,43,ps,1lql_43_ps,16.398596686752548
1lql,44,ps,1lql_44_ps,11.27189979984103
1lql,45,ps,1lql_45_ps,11.675361484190049
1lql,46,ps,1lql_46_ps,11.893634461188228
1lql,47,ps,1lql_47_ps,17.010970912479287
1lql,48,ps,1lql_48_ps,15.670474241650544
1lql,49,ps,1lql_49_ps,4.347361867420152
1np6,0,ps,1np6_0_ps,12.01652509888413
1np6,1,ps,1np6_1_ps,11.613158739551078
1np6,2,ps,1np6_2_ps,10.545871651520118
1np6,3,ps,1np6_3_ps,12.93965790259869
1np6,4,ps,1np6_4_ps,14.838007234633064
1np6,5,ps,1np6_5_ps,11.351898246736248
1np6,6,ps,1np6_6_ps,15.605556913340864
1np6,7,ps,1np6_7_ps,9.207624451291675
1np6,8,ps,1np6_8_ps,6.319651319683127
1np6,9,ps,1np6_9_ps,5.440080844635797
1np6,10,ps,1np6_10_ps,11.183273896919903
1np6,11,ps,1np6_11_ps,16.53063176550855
1np6,12,ps,1np6_12_ps,13.807102074958864
1np6,13,ps,1np6_13_ps,5.712943709689264
1np6,14,ps,1np6_14_ps,12.886421084286557
1np6,15,ps,1np6_15_ps,11.87468970415746
1np6,16,ps,1np6_16_ps,16.105533964568025
1np6,17,ps,1np6_17_ps,11.937860642851966
1np6,18,ps,1np6_18_ps,14.038128475931927
1np6,19,ps,1np6_19_ps,6.587680631388003
1np6,20,ps,1np6_20_ps,6.280100629953727
1np6,21,ps,1np6_21_ps,12.073026109326827
1np6,22,ps,1np6_22_ps,6.470373207005453
1np6,23,ps,1np6_23_ps,11.80742759871271
1np6,24,ps,1np6_24_ps,13.4850008
1np6,25,ps,1np6_25_ps,7.041152985525736
1np6,26,ps,1np6_26_ps,7.590984653
1np6,27,ps,1np6_27_ps,12.097960850419431
1np6,28,ps,1np6_28_ps,13.753732625466167
1np6,29,ps,1np6_29_ps,14.495399885430608
1np6,30,ps,1np6_30_ps,8.018797371922801
1np6,31,ps,1np6_31_ps,11.84956366738242
1np6,32,ps,1np6_32_ps,12.452766300192062
1np6,33,ps,1np6_33_ps,6.738506584228821
1np6,34,ps,1np6_34_ps,10.144028938570406
1np6,35,ps,1np6_35_ps,9.667962115364352
1np6,36,ps,1np6_36_ps,13.692699913621096
1np6,37,ps,1np6_37_ps,11.97577407047036
1np6,38,ps,1np6_38_ps,13.52602111007936
1np6,39,ps,1np6_39_ps,6.297913583
1np6,40,ps,1np6_40_ps,11.340661465929092
1np6,41,ps,1np6_41_ps,8.356758119515277
1np6,42,ps,1np6_42_ps,13.399729229251069
1np6,43,ps,1np6_43_ps,8.630812205411887
1np6,44,ps,1np6_44_ps,15.103402608787748
1np6,45,ps,1np6_45_ps,9.010064922
1np6,46,ps,1np6_46_ps,9.742821234195471
1np6,47,ps,1np6_47_ps,8.770218095421663
1np6,48,ps,1np6_48_ps,16.488241987628413
1np6,49,ps,1np6_49_ps,7.001559290718515
1o6w,0,ps,1o6w_0_ps,14.97878353398492
1o6w,1,ps,1o6w_1_ps,10.382689164233886
1o6w,2,ps,1o6w_2_ps,7.933260639879318
1o6w,3,ps,1o6w_3_ps,14.777443949631316
1o6w,4,ps,1o6w_4_ps,9.780444885
1o6w,5,ps,1o6w_5_ps,12.868100540544416
1o6w,6,ps,1o6w_6_ps,12.333538273134996
1o6w,7,ps,1o6w_7_ps,9.974361712109824
1o6w,8,ps,1o6w_8_ps,17.334549227321663
1o6w,9,ps,1o6w_9_ps,10.186518378354355
1o6w,10,ps,1o6w_10_ps,11.109297660798632
1o6w,11,ps,1o6w_11_ps,11.63219469694932
1o6w,12,ps,1o6w_12_ps,11.180539984564891
1o6w,13,ps,1o6w_13_ps,16.250011159678582
1o6w,14,ps,1o6w_14_ps,10.33365170262092
1o6w,15,ps,1o6w_15_ps,8.082072422586318
1o6w,16,ps,1o6w_16_ps,16.092828402010706
1o6w,17,ps,1o6w_17_ps,12.313420759908553
1o6w,18,ps,1o6w_18_ps,4.919867748799513
1o6w,19,ps,1o6w_19_ps,6.084834994439479
1o6w,20,ps,1o6w_20_ps,8.583521146953522
1o6w,21,ps,1o6w_21_ps,10.143060500021251
1o6w,22,ps,1o6w_22_ps,10.16496777059665
1o6w,23,ps,1o6w_23_ps,17.44968116944876
1o6w,24,ps,1o6w_24_ps,12.347160603629886
1o6w,25,ps,1o6w_25_ps,11.875971407676047
1o6w,26,ps,1o6w_26_ps,10.212688276866416
1o6w,27,ps,1o6w_27_ps,9.770176824
1o6w,28,ps,1o6w_28_ps,11.047370017163534
1o6w,29,ps,1o6w_29_ps,8.900662319560507
1o6w,30,ps,1o6w_30_ps,10.04436090444863
1o6w,31,ps,1o6w_31_ps,12.167657992003496
1o6w,32,ps,1o6w_32_ps,10.42712893566804
1o6w,33,ps,1o6w_33_ps,9.899469444682778
1o6w,34,ps,1o6w_34_ps,8.203925241415646
1o6w,35,ps,1o6w_35_ps,13.576824122201492
1o6w,36,ps,1o6w_36_ps,8.792235204596937
1o6w,37,ps,1o6w_37_ps,13.304473474101744
1o6w,38,ps,1o6w_38_ps,8.986629694613214
1o6w,39,ps,1o6w_39_ps,7.208717897932416
1o6w,40,ps,1o6w_40_ps,10.418217119688702
1o6w,41,ps,1o6w_41_ps,15.947906714423844
1o6w,42,ps,1o6w_42_ps,10.86549843351348
1o6w,43,ps,1o6w_43_ps,15.637363535558803
1o6w,44,ps,1o6w_44_ps,8.402475933956946
1o6w,45,ps,1o6w_45_ps,6.561186248851071
1o6w,46,ps,1o6w_46_ps,18.26669859600472
1o6w,47,ps,1o6w_47_ps,9.468156767422633
1o6w,48,ps,1o6w_48_ps,3.998101994565743
1o6w,49,ps,1o6w_49_ps,13.945006839531572
1p9n,0,ps,1p9n_0_ps,7.882620662757471
1p9n,1,ps,1p9n_1_ps,11.000066966268534
1p9n,2,ps,1p9n_2_ps,8.617240683062663
1p9n,3,ps,1p9n_3_ps,12.448085724066017
1p9n,4,ps,1p9n_4_ps,14.293441916338162
1p9n,5,ps,1p9n_5_ps,17.276242054739335
1p9n,6,ps,1p9n_6_ps,8.059412573367108
1p9n,7,ps,1p9n_7_ps,13.83264631787576
1p9n,8,ps,1p9n_8_ps,12.642125822656071
1p9n,9,ps,1p9n_9_ps,10.386629896375924
1p9n,10,ps,1p9n_10_ps,11.89177439
1p9n,11,ps,1p9n_11_ps,14.369193990647751
1p9n,12,ps,1p9n_12_ps,10.093071090559908
1p9n,13,ps,1p9n_13_ps,20.79695373407983
1p9n,14,ps,1p9n_14_ps,10.614086707193826
1p9n,15,ps,1p9n_15_ps,15.883265617741474
1p9n,16,ps,1p9n_16_ps,12.468912295174649
1p9n,17,ps,1p9n_17_ps,4.238994780434625
1p9n,18,ps,1p9n_18_ps,11.10465396847482
1p9n,19,ps,1p9n_19_ps,12.647652914368033
1p9n,20,ps,1p9n_20_ps,12.26955181280457
1p9n,21,ps,1p9n_21_ps,18.32309775671704
1p9n,22,ps,1p9n_22_ps,17.885689892095794
1p9n,23,ps,1p9n_23_ps,7.305791654287117
1p9n,24,ps,1p9n_24_ps,15.852846960990584
1p9n,25,ps,1p9n_25_ps,11.799547521409227
1p9n,26,ps,1p9n_26_ps,12.539206219299365
1p9n,27,ps,1p9n_27_ps,9.243092029238804
1p9n,28,ps,1p9n_28_ps,10.70288293364575
1p9n,29,ps,1p9n_29_ps,11.184350231898994
1p9n,30,ps,1p9n_30_ps,11.996460315822564
1p9n,31,ps,1p9n_31_ps,8.407596374201551
1p9n,32,ps,1p9n_32_ps,12.781871770560512
1p9n,33,ps,1p9n_33_ps,13.41860201302044
1p9n,34,ps,1p9n_34_ps,12.031488343614308
1p9n,35,ps,1p9n_35_ps,12.66063342035168
1p9n,36,ps,1p9n_36_ps,16.971967693787786
1p9n,37,ps,1p9n_37_ps,11.119213942215216
1p9n,38,ps,1p9n_38_ps,19.09515590283029
1p9n,39,ps,1p9n_39_ps,12.111137246633314
1p9n,40,ps,1p9n_40_ps,10.232271382829538
1p9n,41,ps,1p9n_41_ps,13.476076132840232
1p9n,42,ps,1p9n_42_ps,9.198634724350448
1p9n,43,ps,1p9n_43_ps,10.505437836564978
1p9n,44,ps,1p9n_44_ps,16.720303364028098
1p9n,45,ps,1p9n_45_ps,11.31010361920356
1p9n,46,ps,1p9n_46_ps,7.528376494086806
1p9n,47,ps,1p9n_47_ps,12.298137367837912
1p9n,48,ps,1p9n_48_ps,10.476782826294786
1p9n,49,ps,1p9n_49_ps,13.584001626245584
1s7m,0,ps,1s7m_0_ps,9.627194071367784
1s7m,1,ps,1s7m_1_ps,16.13213784368473
1s7m,2,ps,1s7m_2_ps,15.068036737935603
1s7m,3,ps,1s7m_3_ps,12.170383201751836
1s7m,4,ps,1s7m_4_ps,16.886781549877444
1s7m,5,ps,1s7m_5_ps,12.590997859705048
1s7m,6,ps,1s7m_6_ps,10.931484414761984
1s7m,7,ps,1s7m_7_ps,11.014664170741458
1s7m,8,ps,1s7m_8_ps,7.545357218415949
1s7m,9,ps,1s7m_9_ps,15.83055196630982
1s7m,10,ps,1s7m_10_ps,15.919037198475632
1s7m,11,ps,1s7m_11_ps,14.622002635651825
1s7m,12,ps,1s7m_12_ps,6.903998394424613
1s7m,13,ps,1s7m_13_ps,14.22913043
1s7m,14,ps,1s7m_14_ps,6.439093573753106
1s7m,15,ps,1s7m_15_ps,13.25505510331389
1s7m,16,ps,1s7m_16_ps,5.320975535813654
1s7m,17,ps,1s7m_17_ps,14.667041385702335
1s7m,18,ps,1s7m_18_ps,17.632226994732427
1s7m,19,ps,1s7m_19_ps,2.9716642144845635
1s7m,20,ps,1s7m_20_ps,10.387110983568094
1s7m,21,ps,1s7m_21_ps,9.814255256312071
1s7m,22,ps,1s7m_22_ps,12.21253010076346
1s7m,23,ps,1s7m_23_ps,6.1318223954095625
1s7m,24,ps,1s7m_24_ps,10.638855178983862
1s7m,25,ps,1s7m_25_ps,3.900953056225938
1s7m,26,ps,1s7m_26_ps,4.352283872936954
1s7m,27,ps,1s7m_27_ps,5.318336986
1s7m,28,ps,1s7m_28_ps,12.596703227379008
1s7m,29,ps,1s7m_29_ps,15.371796437043534
1s7m,30,ps,1s7m_30_ps,4.220951535254504
1s7m,31,ps,1s7m_31_ps,3.8423020385838895
1s7m,32,ps,1s7m_32_ps,10.461880262816528
1s7m,33,ps,1s7m_33_ps,4.842064124
1s7m,34,ps,1s7m_34_ps,11.168661051969384
1s7m,35,ps,1s7m_35_ps,12.543284867774272
1s7m,36,ps,1s7m_36_ps,12.43129385335144
1s7m,37,ps,1s7m_37_ps,14.784144526858617
1s7m,38,ps,1s7m_38_ps,7.756618820068777
1s7m,39,ps,1s7m_39_ps,2.973376806032177
1s7m,40,ps,1s7m_40_ps,6.580986050570972
1s7m,41,ps,1s7m_41_ps,14.192214710589116
1s7m,42,ps,1s7m_42_ps,12.903878130266934
1s7m,43,ps,1s7m_43_ps,11.129243167042247
1s7m,44,ps,1s7m_44_ps,15.922158875549227
1s7m,45,ps,1s7m_45_ps,10.74459611795633
1s7m,46,ps,1s7m_46_ps,14.425173676388068
1s7m,47,ps,1s7m_47_ps,11.485677911013529
1s7m,48,ps,1s7m_48_ps,3.0988289453820315
1s7m,49,ps,1s7m_49_ps,2.606712085498688
2e45,0,ps,2e45_0_ps,11.51784476478327
2e45,1,ps,2e45_1_ps,12.810984840488263
2e45,2,ps,2e45_2_ps,14.474946621524786
2e45,3,ps,2e45_3_ps,7.669492805197035
2e45,4,ps,2e45_4_ps,7.726560353425429
2e45,5,ps,2e45_5_ps,9.413002826883664
2e45,6,ps,2e45_6_ps,8.750626933698038
2e45,7,ps,2e45_7_ps,9.581207993511944
2e45,8,ps,2e45_8_ps,4.843348058686947
2e45,9,ps,2e45_9_ps,15.06724482140488
2e45,10,ps,2e45_10_ps,9.165563327
2e45,11,ps,2e45_11_ps,15.110517975293156
2e45,12,ps,2e45_12_ps,9.767245246024686
2e45,13,ps,2e45_13_ps,13.774852574722274
2e45,14,ps,2e45_14_ps,10.308933836620842
2e45,15,ps,2e45_15_ps,3.664228689297708
2e45,16,ps,2e45_16_ps,14.108750181769327
2e45,17,ps,2e45_17_ps,1.9905053206709584
2e45,18,ps,2e45_18_ps,17.49721900214726
2e45,19,ps,2e45_19_ps,14.812598892074949
2e45,20,ps,2e45_20_ps,10.310043955205575
2e45,21,ps,2e45_21_ps,6.671141966098154
2e45,22,ps,2e45_22_ps,9.74902822
2e45,23,ps,2e45_23_ps,12.674497882334174
2e45,24,ps,2e45_24_ps,10.844987181863296
2e45,25,ps,2e45_25_ps,11.391529363365263
2e45,26,ps,2e45_26_ps,6.599805358107404
2e45,27,ps,2e45_27_ps,8.126037980442607
2e45,28,ps,2e45_28_ps,9.359720196
2e45,29,ps,2e45_29_ps,12.069738228564866
2e45,30,ps,2e45_30_ps,11.318822841626496
2e45,31,ps,2e45_31_ps,11.61296902115231
2e45,32,ps,2e45_32_ps,10.492103656104184
2e45,33,ps,2e45_33_ps,3.311441066052472
2e45,34,ps,2e45_34_ps,15.15742121693266
2e45,35,ps,2e45_35_ps,11.571132871717982
2e45,36,ps,2e45_36_ps,4.6550555203972666
2e45,37,ps,2e45_37_ps,14.18003587202308
2e45,38,ps,2e45_38_ps,8.399506022458882
2e45,39,ps,2e45_39_ps,10.060861361901887
2e45,40,ps,2e45_40_ps,7.888301591048501
2e45,41,ps,2e45_41_ps,7.819512689915725
2e45,42,ps,2e45_42_ps,12.571739197247696
2e45,43,ps,2e45_43_ps,2.3867096118647555
2e45,44,ps,2e45_44_ps,7.244669314243485
2e45,45,ps,2e45_45_ps,1.3939498118513702
2e45,46,ps,2e45_46_ps,11.43969398096195
2e45,47,ps,2e45_47_ps,13.042660125284335
2e45,48,ps,2e45_48_ps,9.672149952247002
2e45,49,ps,2e45_49_ps,10.849184644356946
2kxq,0,ps,2kxq_0_ps,5.228033851426381
2kxq,1,ps,2kxq_1_ps,14.006539987980466
2kxq,2,ps,2kxq_2_ps,13.881789114174609
2kxq,3,ps,2kxq_3_ps,9.662121285
2kxq,4,ps,2kxq_4_ps,11.883755552719176
2kxq,5,ps,2kxq_5_ps,8.950053783517983
2kxq,6,ps,2kxq_6_ps,8.366470411615492
2kxq,7,ps,2kxq_7_ps,6.5767142068904425
2kxq,8,ps,2kxq_8_ps,10.618530410073772
2kxq,9,ps,2kxq_9_ps,2.774929096129437
2kxq,10,ps,2kxq_10_ps,15.493416058510446
2kxq,11,ps,2kxq_11_ps,22.732213349408383
2kxq,12,ps,2kxq_12_ps,18.500681931582783
2kxq,13,ps,2kxq_13_ps,18.83705657794852
2kxq,14,ps,2kxq_14_ps,16.02387439982135
2kxq,15,ps,2kxq_15_ps,4.729258281251697
2kxq,16,ps,2kxq_16_ps,5.082986355
2kxq,17,ps,2kxq_17_ps,8.927560396626655
2kxq,18,ps,2kxq_18_ps,6.612656328147767
2kxq,19,ps,2kxq_19_ps,4.596450613881282
2kxq,20,ps,2kxq_20_ps,9.169953837692788
2kxq,21,ps,2kxq_21_ps,11.846418540758998
2kxq,22,ps,2kxq_22_ps,6.005957125728901
2kxq,23,ps,2kxq_23_ps,2.985739468259512
2kxq,24,ps,2kxq_24_ps,7.2618831370357055
2kxq,25,ps,2kxq_25_ps,7.278946960079889
2kxq,26,ps,2kxq_26_ps,2.56205979
2kxq,27,ps,2kxq_27_ps,4.661480246835131
2kxq,28,ps,2kxq_28_ps,5.940368858727072
2kxq,29,ps,2kxq_29_ps,3.7227189199183353
2kxq,30,ps,2kxq_30_ps,3.404943363728832
2kxq,31,ps,2kxq_31_ps,8.474223767706944
2kxq,32,ps,2kxq_32_ps,2.601248947355982
2kxq,33,ps,2kxq_33_ps,4.869103097904926
2kxq,34,ps,2kxq_34_ps,11.098355713906852
2kxq,35,ps,2kxq_35_ps,10.607116440835988
2kxq,36,ps,2kxq_36_ps,8.751497093
2kxq,37,ps,2kxq_37_ps,9.569836935
2kxq,38,ps,2kxq_38_ps,18.328640497865628
2kxq,39,ps,2kxq_39_ps,12.261272615529911
2kxq,40,ps,2kxq_40_ps,8.084238700371442
2kxq,41,ps,2kxq_41_ps,7.1282364839484496
2kxq,42,ps,2kxq_42_ps,12.685628999204916
2kxq,43,ps,2kxq_43_ps,6.309954260223546
2kxq,44,ps,2kxq_44_ps,11.911570948491114
2kxq,45,ps,2kxq_45_ps,11.080302332162937
2kxq,46,ps,2kxq_46_ps,14.31474989707768
2kxq,47,ps,2kxq_47_ps,12.535599169618544
2kxq,48,ps,2kxq_48_ps,9.929157842220516
2kxq,49,ps,2kxq_49_ps,9.323687319026831
1n7d,,kcm,,3.4582359794881423
1n7d,,kcm,,3.3826034315162974
1n7d,,kcm,,3.626938851037379
1n7d,,kcm,,3.5097405490150795
1n7d,,kcm,,3.1443732370042947
1n7d,,kcm,,3.7316979060239297
1n7d,,kcm,,4.291574005382322
1n7d,,kcm,,4.816529718910785
1n7d,,kcm,,4.148318252
1n7d,,kcm,,3.154408847284202
1n7d,,kcm,,3.981337916
1n7d,,kcm,,3.8478851936283167
1n7d,,kcm,,3.5876211279798755
1n7d,,kcm,,3.5361520570512845
1n7d,,kcm,,3.525963994850586
1n7d,,kcm,,3.707455191775544
1n7d,,kcm,,3.999846966404604
1n7d,,kcm,,3.999094043043852
1n7d,,kcm,,3.476135953
1n7d,,kcm,,3.6378844592184407
1n7d,,kcm,,3.916386575935612
1n7d,,kcm,,4.524821504777196
1n7d,,kcm,,4.0891958216105255
1n7d,,kcm,,4.018523107165227
1n7d,,kcm,,3.861629112426861
1n7d,,kcm,,3.613682033153952
1n7d,,kcm,,4.165026583546664
1n7d,,kcm,,3.779188258348283
1n7d,,kcm,,3.799229487840463
1n7d,,kcm,,4.422341258131166
1n7d,,kcm,,4.429895066953241
1n7d,,kcm,,3.839701577409495
1n7d,,kcm,,4.595931918690879
1n7d,,kcm,,4.542610487021255
1n7d,,kcm,,3.26406433
1n7d,,kcm,,3.409041834226178
1n7d,,kcm,,4.102911595
1n7d,,kcm,,4.077784932807824
1n7d,,kcm,,4.060169834447797
1n7d,,kcm,,4.390215669914823
1n7d,,kcm,,4.353869483872509
1n7d,,kcm,,4.162601260570025
1n7d,,kcm,,4.240298056395695
1n7d,,kcm,,4.788525684845736
1n7d,,kcm,,4.634367540076237
1n7d,,kcm,,4.0074157433474005
1n7d,,kcm,,4.567690888055815
1n7d,,kcm,,4.354922191043034
1n7d,,kcm,,3.895487300541608
1n7d,,kcm,,5.15341957
3clq,,kcm,,0.41058587
3clq,,kcm,,0.4249705597681542
3clq,,kcm,,0.3813317097626841
3clq,,kcm,,0.4482448711530255
3clq,,kcm,,0.5360740784841708
3clq,,kcm,,0.4694678964776719
3clq,,kcm,,0.4095493367671894
3clq,,kcm,,0.4823341697067013
3clq,,kcm,,0.4156759212639135
3clq,,kcm,,0.3837049057988556
3clq,,kcm,,0.366099663
3clq,,kcm,,0.5205822767267165
3clq,,kcm,,0.4599013651674824
3clq,,kcm,,0.4104120092886131
3clq,,kcm,,0.4438499819159273
3clq,,kcm,,0.5382582805930654
3clq,,kcm,,0.515243973
3clq,,kcm,,0.4737473468244141
3clq,,kcm,,0.512469433
3clq,,kcm,,0.4568703167270524
3clq,,kcm,,0.4747561689077663
3clq,,kcm,,0.502882506
3clq,,kcm,,0.5354282874910917
3clq,,kcm,,0.4664151621443835
3clq,,kcm,,0.4746144498189128
3clq,,kcm,,0.4210724116037275
3clq,,kcm,,0.4781746805075666
3clq,,kcm,,0.4993308694289601
3clq,,kcm,,0.4783235125358707
3clq,,kcm,,0.415012464
3clq,,kcm,,0.5225316805981362
3clq,,kcm,,0.4526162834526283
3clq,,kcm,,0.5857689863696485
3clq,,kcm,,0.5254164596244428
3clq,,kcm,,0.4602973736892907
3clq,,kcm,,0.4104843973768743
3clq,,kcm,,0.413834213
3clq,,kcm,,0.6533989841448509
3clq,,kcm,,0.4384171143800801
3clq,,kcm,,0.6179408577561794
3clq,,kcm,,0.559925367
3clq,,kcm,,0.5074937660451113
3clq,,kcm,,0.4834860646085754
3clq,,kcm,,0.422724642
3clq,,kcm,,0.4605504719610419
3clq,,kcm,,0.6174754315059852
3clq,,kcm,,0.6840983680881841
3clq,,kcm,,0.5348592894890813
3clq,,kcm,,0.5359818254951919
3clq,,kcm,,0.4232413133369819
1emn,,kcm,,1.451565761628654
1emn,,kcm,,1.620954852981835
1emn,,kcm,,1.784087302758909
1emn,,kcm,,1.758387874422287
1emn,,kcm,,2.141536340240407
1emn,,kcm,,1.784401300309097
1emn,,kcm,,1.935393013847842
1emn,,kcm,,1.832474632687053
1emn,,kcm,,2.3102017
1emn,,kcm,,1.804468877754303
1emn,,kcm,,1.814754238905383
1emn,,kcm,,1.972145413379101
1emn,,kcm,,2.222791442553654
1emn,,kcm,,1.790571484257016
1emn,,kcm,,1.792410880781418
1emn,,kcm,,1.993620676815537
1emn,,kcm,,2.020514193194729
1emn,,kcm,,1.939118578597404
1emn,,kcm,,1.877545340985227
1emn,,kcm,,1.647308075189794
1emn,,kcm,,2.321498070849878
1emn,,kcm,,2.435563480189503
1emn,,kcm,,2.126972820231144
1emn,,kcm,,1.963660441481838
1emn,,kcm,,1.820243653447909
1emn,,kcm,,2.230912361833607
1emn,,kcm,,1.772065635202306
1emn,,kcm,,2.190987526634785
1emn,,kcm,,1.949007749834335
1emn,,kcm,,2.221200273556239
1emn,,kcm,,2.442661613012136
1emn,,kcm,,2.203593303266998
1emn,,kcm,,2.062745701532786
1emn,,kcm,,1.834267619037972
1emn,,kcm,,1.778760830295769
1emn,,kcm,,1.867902835368615
1emn,,kcm,,1.741432359541312
1emn,,kcm,,1.749821083570575
1emn,,kcm,,1.838284271252643
1emn,,kcm,,2.045500617716114
1emn,,kcm,,2.173210808642303
1emn,,kcm,,1.996880358832124
1emn,,kcm,,1.946607760811158
1emn,,kcm,,1.905708370377339
1emn,,kcm,,2.006689311364801
1emn,,kcm,,1.652806699412496
1emn,,kcm,,1.805196641640902
1emn,,kcm,,2.066698350287504
1emn,,kcm,,2.113004290105115
1emn,,kcm,,1.931609786034276
1lql,,kcm,,1.190760333731815
1lql,,kcm,,1.237274790250892
1lql,,kcm,,1.572480052864869
1lql,,kcm,,1.423284236970831
1lql,,kcm,,1.587748324532588
1lql,,kcm,,1.860296049624125
1lql,,kcm,,1.599151548676893
1lql,,kcm,,1.291468269818343
1lql,,kcm,,1.503217035035468
1lql,,kcm,,1.77961721
1lql,,kcm,,1.362001083279227
1lql,,kcm,,1.427180256051992
1lql,,kcm,,1.551414829
1lql,,kcm,,1.811020912927546
1lql,,kcm,,1.681457155
1lql,,kcm,,2.364320916032546
1lql,,kcm,,1.866481641
1lql,,kcm,,1.656498131
1lql,,kcm,,1.609386236081774
1lql,,kcm,,1.600243230818427
1lql,,kcm,,1.740875560742182
1lql,,kcm,,1.766676826429382
1lql,,kcm,,1.464497104
1lql,,kcm,,1.778566787417707
1lql,,kcm,,1.695128562384837
1lql,,kcm,,1.730175917566198
1lql,,kcm,,1.819652096281705
1lql,,kcm,,1.672720656167303
1lql,,kcm,,2.069327712903847
1lql,,kcm,,1.920592776730079
1lql,,kcm,,2.549747002
1lql,,kcm,,2.104518104678223
1lql,,kcm,,1.774499433697323
1lql,,kcm,,1.583023881466365
1lql,,kcm,,1.874079199418673
1lql,,kcm,,2.107267416933177
1lql,,kcm,,1.745178980856274
1lql,,kcm,,2.143809242567772
1lql,,kcm,,1.848017164891847
1lql,,kcm,,1.920249533087997
1lql,,kcm,,1.737395122848205
1lql,,kcm,,1.853303847575354
1lql,,kcm,,2.055518598966707
1lql,,kcm,,1.876287262980096
1lql,,kcm,,2.435522040631784
1lql,,kcm,,1.833554303473003
1lql,,kcm,,1.934832684496503
1lql,,kcm,,1.894230435575063
1lql,,kcm,,1.889333993540568
1lql,,kcm,,2.310641186063917
1msl,,kcm,,1.122056206
1msl,,kcm,,1.278497960590567
1msl,,kcm,,1.166780670590442
1msl,,kcm,,1.116800687348362
1msl,,kcm,,1.084269999008012
1msl,,kcm,,1.259570991404331
1msl,,kcm,,0.8916339104717291
1msl,,kcm,,0.9908429210638507
1msl,,kcm,,1.132986074428082
1msl,,kcm,,1.097338285356969
1msl,,kcm,,1.134103395
1msl,,kcm,,0.971722721
1msl,,kcm,,1.160047304
1msl,,kcm,,1.365764262229733
1msl,,kcm,,1.057902574609344
1msl,,kcm,,1.112369406
1msl,,kcm,,1.073268832584743
1msl,,kcm,,1.146441292589609
1msl,,kcm,,1.037728596721591
1msl,,kcm,,1.151416251564655
1msl,,kcm,,1.180998903438939
1msl,,kcm,,1.088463216141891
1msl,,kcm,,1.244717392241792
1msl,,kcm,,1.117861694736016
1msl,,kcm,,1.188478546294165
1msl,,kcm,,1.251100744270737
1msl,,kcm,,1.139615801267915
1msl,,kcm,,1.374452337379239
1msl,,kcm,,1.031390312231056
1msl,,kcm,,1.242463993460758
1msl,,kcm,,1.150586442413591
1msl,,kcm,,1.144326392404863
1msl,,kcm,,1.071870262696549
1msl,,kcm,,1.177213138411058
1msl,,kcm,,1.166651226123178
1msl,,kcm,,1.215393421786466
1msl,,kcm,,1.028095056058464
1msl,,kcm,,1.216711006924265
1msl,,kcm,,1.218360990948774
1msl,,kcm,,1.189823020041464
1msl,,kcm,,1.240361394243388
1msl,,kcm,,1.216834701622308
1msl,,kcm,,1.001185939156039
1msl,,kcm,,1.433135775
1msl,,kcm,,1.192055458277166
1msl,,kcm,,1.048209281095151
1msl,,kcm,,1.142914064584946
1msl,,kcm,,1.373346654447744
1msl,,kcm,,0.9822281060095326
1msl,,kcm,,1.487356268
1np6,,kcm,,2.178312855898058
1np6,,kcm,,2.453759228646594
1np6,,kcm,,2.556261969340299
1np6,,kcm,,2.252075306
1np6,,kcm,,2.457739174516487
1np6,,kcm,,2.376996218301354
1np6,,kcm,,2.115866820164004
1np6,,kcm,,2.370525346
1np6,,kcm,,2.204190604983907
1np6,,kcm,,2.607470317
1np6,,kcm,,2.597509339952557
1np6,,kcm,,2.506555707337931
1np6,,kcm,,2.298304245036034
1np6,,kcm,,2.184046818162178
1np6,,kcm,,2.719042558060622
1np6,,kcm,,2.649669386141895
1np6,,kcm,,2.686388493964983
1np6,,kcm,,2.612252069552717
1np6,,kcm,,2.330425357730782
1np6,,kcm,,2.052866158699948
1np6,,kcm,,2.511949422134094
1np6,,kcm,,2.614892840799741
1np6,,kcm,,2.731135052433856
1np6,,kcm,,2.160504536408755
1np6,,kcm,,3.075097273356585
1np6,,kcm,,2.416087435588834
1np6,,kcm,,2.265934239277429
1np6,,kcm,,2.723212271855146
1np6,,kcm,,2.152320282701686
1np6,,kcm,,2.376367364970873
1np6,,kcm,,2.741037863395423
1np6,,kcm,,2.354882625610422
1np6,,kcm,,2.201369303212717
1np6,,kcm,,2.578711774950265
1np6,,kcm,,2.586225114825614
1np6,,kcm,,2.945560251899978
1np6,,kcm,,2.572932261747046
1np6,,kcm,,2.398633505485923
1np6,,kcm,,2.551991820478734
1np6,,kcm,,2.792360614923193
1np6,,kcm,,2.837926221227903
1np6,,kcm,,2.607119961670058
1np6,,kcm,,2.197459128567971
1np6,,kcm,,2.814547474009399
1np6,,kcm,,2.183825439180073
1np6,,kcm,,2.472059532651194
1np6,,kcm,,2.251243153689406
1np6,,kcm,,2.437287440002633
1np6,,kcm,,2.604271129632228
1np6,,kcm,,2.612192764076463
1o6w,,kcm,,1.222223317242882
1o6w,,kcm,,1.458882929044768
1o6w,,kcm,,1.768550155809484
1o6w,,kcm,,1.095758283726101
1o6w,,kcm,,1.560270779168601
1o6w,,kcm,,1.512595134781827
1o6w,,kcm,,1.543346872028966
1o6w,,kcm,,1.541863463273202
1o6w,,kcm,,1.568040491043184
1o6w,,kcm,,1.368658661817949
1o6w,,kcm,,1.235300120427679
1o6w,,kcm,,1.961176388610249
1o6w,,kcm,,1.751701544319247
1o6w,,kcm,,1.330641103948145
1o6w,,kcm,,1.532018591371697
1o6w,,kcm,,1.339084544461327
1o6w,,kcm,,2.036125264
1o6w,,kcm,,1.495060374015162
1o6w,,kcm,,2.163052277287374
1o6w,,kcm,,2.483868640072957
1o6w,,kcm,,1.792894144809146
1o6w,,kcm,,1.619630587790966
1o6w,,kcm,,1.675339751271067
1o6w,,kcm,,1.759453631771865
1o6w,,kcm,,1.645172066776901
1o6w,,kcm,,1.729641361030741
1o6w,,kcm,,1.539776524345235
1o6w,,kcm,,2.002766145153507
1o6w,,kcm,,1.984391081
1o6w,,kcm,,1.678896105772142
1o6w,,kcm,,1.604028460188851
1o6w,,kcm,,1.535465369888619
1o6w,,kcm,,1.642971476364204
1o6w,,kcm,,1.751909388087916
1o6w,,kcm,,1.615661297847168
1o6w,,kcm,,2.161242231302529
1o6w,,kcm,,2.199278324976147
1o6w,,kcm,,2.525387923460316
1o6w,,kcm,,1.937901287313626
1o6w,,kcm,,2.089969766
1o6w,,kcm,,1.91653883
1o6w,,kcm,,1.970333557072235
1o6w,,kcm,,1.752813896
1o6w,,kcm,,1.697628004503579
1o6w,,kcm,,1.792623905
1o6w,,kcm,,1.961931973106208
1o6w,,kcm,,1.895701901761774
1o6w,,kcm,,1.949880192
1o6w,,kcm,,2.116681660306966
1o6w,,kcm,,1.869830669298448
1p9n,,kcm,,2.305955512378552
1p9n,,kcm,,2.504290089651829
1p9n,,kcm,,2.667605996489878
1p9n,,kcm,,2.481973255291405
1p9n,,kcm,,2.665248597939164
1p9n,,kcm,,2.657907286975234
1p9n,,kcm,,2.556304655
1p9n,,kcm,,2.484404491546518
1p9n,,kcm,,2.521788445066303
1p9n,,kcm,,3.328250763443596
1p9n,,kcm,,2.816101901390051
1p9n,,kcm,,2.530685316347428
1p9n,,kcm,,2.686512022886307
1p9n,,kcm,,2.655352990774529
1p9n,,kcm,,2.815596566
1p9n,,kcm,,2.654765006864819
1p9n,,kcm,,2.470726204616545
1p9n,,kcm,,2.326603157898661
1p9n,,kcm,,2.862600464990047
1p9n,,kcm,,2.796355770844313
1p9n,,kcm,,2.642925077217098
1p9n,,kcm,,2.786738599704665
1p9n,,kcm,,2.265042296963705
1p9n,,kcm,,2.881344476252726
1p9n,,kcm,,2.645822779627244
1p9n,,kcm,,2.513068669377139
1p9n,,kcm,,2.713494421136739
1p9n,,kcm,,2.690754819958165
1p9n,,kcm,,2.269297254744582
1p9n,,kcm,,2.783590202023226
1p9n,,kcm,,3.004418375081654
1p9n,,kcm,,2.429477512122378
1p9n,,kcm,,3.245747989801651
1p9n,,kcm,,2.454732594785141
1p9n,,kcm,,2.887298769216343
1p9n,,kcm,,2.876514910727434
1p9n,,kcm,,2.785707575173322
1p9n,,kcm,,2.511974778891401
1p9n,,kcm,,2.300640458551234
1p9n,,kcm,,2.546914794559335
1p9n,,kcm,,3.205483733219455
1p9n,,kcm,,2.848378914329385
1p9n,,kcm,,2.565187192223463
1p9n,,kcm,,2.912153415853753
1p9n,,kcm,,2.295948132375627
1p9n,,kcm,,2.841797569320925
1p9n,,kcm,,2.670501497494926
1p9n,,kcm,,2.330949661954876
1p9n,,kcm,,2.352216993
1p9n,,kcm,,2.528471648429349
1r5l,,kcm,,2.434382161238865
1r5l,,kcm,,2.005170020856259
1r5l,,kcm,,2.407709050911329
1r5l,,kcm,,2.358683935014139
1r5l,,kcm,,2.554378286268888
1r5l,,kcm,,2.253584119320419
1r5l,,kcm,,3.050754491319909
1r5l,,kcm,,2.665367580922126
1r5l,,kcm,,2.661952986663435
1r5l,,kcm,,3.016171800126919
1r5l,,kcm,,2.489624210378545
1r5l,,kcm,,2.291061178037998
1r5l,,kcm,,2.548872300662837
1r5l,,kcm,,2.793179511096505
1r5l,,kcm,,2.828655337914335
1r5l,,kcm,,2.887924290870205
1r5l,,kcm,,2.115702105440762
1r5l,,kcm,,2.442992700699905
1r5l,,kcm,,2.755518606751722
1r5l,,kcm,,2.370015854064879
1r5l,,kcm,,2.922959026991321
1r5l,,kcm,,2.694964807170893
1r5l,,kcm,,2.657101244192866
1r5l,,kcm,,2.075448406747476
1r5l,,kcm,,2.762186249512117
1r5l,,kcm,,2.786645577577556
1r5l,,kcm,,3.045601822334147
1r5l,,kcm,,3.039774503877521
1r5l,,kcm,,2.833614657030157
1r5l,,kcm,,2.903603763475128
1r5l,,kcm,,2.989267798241652
1r5l,,kcm,,3.133407432275185
1r5l,,kcm,,2.761581677924974
1r5l,,kcm,,2.795853855684991
1r5l,,kcm,,2.955400702
1r5l,,kcm,,2.688973028
1r5l,,kcm,,2.856265674996022
1r5l,,kcm,,3.294092859981681
1r5l,,kcm,,2.662691236621706
1r5l,,kcm,,2.554799737516005
1r5l,,kcm,,3.020353488739373
1r5l,,kcm,,2.850755004817757
1r5l,,kcm,,2.879010352948747
1r5l,,kcm,,2.783908764714445
1r5l,,kcm,,2.730385389315252
1r5l,,kcm,,3.343600355941279
1r5l,,kcm,,2.590605101530059
1r5l,,kcm,,2.627110386789067
1r5l,,kcm,,3.084359268101977
1r5l,,kcm,,2.858820893843504
1s7m,,kcm,,1.107858316
1s7m,,kcm,,1.176457960347515
1s7m,,kcm,,1.223830160523969
1s7m,,kcm,,1.376490998332572
1s7m,,kcm,,1.396606659465578
1s7m,,kcm,,1.278333274828044
1s7m,,kcm,,1.389079856610872
1s7m,,kcm,,1.339745851218602
1s7m,,kcm,,1.218472837015997
1s7m,,kcm,,1.511433312162433
1s7m,,kcm,,1.444494196945536
1s7m,,kcm,,1.418115709564149
1s7m,,kcm,,1.354547343701223
1s7m,,kcm,,1.321083881830844
1s7m,,kcm,,1.684292818516926
1s7m,,kcm,,1.577110774
1s7m,,kcm,,1.348034261126602
1s7m,,kcm,,1.426447715194195
1s7m,,kcm,,1.585469938719567
1s7m,,kcm,,1.384526296821962
1s7m,,kcm,,1.483673423235357
1s7m,,kcm,,1.319164483207101
1s7m,,kcm,,1.529357452
1s7m,,kcm,,1.632071378358418
1s7m,,kcm,,1.494592661290617
1s7m,,kcm,,1.372334472795645
1s7m,,kcm,,1.165871024493575
1s7m,,kcm,,1.377998327940374
1s7m,,kcm,,1.500415585485802
1s7m,,kcm,,1.440849843667491
1s7m,,kcm,,1.453489969715242
1s7m,,kcm,,1.279243426522002
1s7m,,kcm,,1.383020331502926
1s7m,,kcm,,1.396782872693554
1s7m,,kcm,,1.611350742
1s7m,,kcm,,1.677410115332682
1s7m,,kcm,,1.546814117774825
1s7m,,kcm,,1.452481996
1s7m,,kcm,,1.462595058328204
1s7m,,kcm,,1.419127272131734
1s7m,,kcm,,1.499317808789768
1s7m,,kcm,,1.502111833
1s7m,,kcm,,1.409596593653301
1s7m,,kcm,,1.334250970246898
1s7m,,kcm,,1.558549890607884
1s7m,,kcm,,1.586282884436636
1s7m,,kcm,,1.407972316522431
1s7m,,kcm,,1.327950525443934
1s7m,,kcm,,1.430903838257436
1s7m,,kcm,,1.383692537562679
2e45,,kcm,,1.021624915155548
2e45,,kcm,,1.314804328919384
2e45,,kcm,,1.385884533839516
2e45,,kcm,,1.456574898231803
2e45,,kcm,,1.610083743190786
2e45,,kcm,,1.687838681644862
2e45,,kcm,,1.915327346
2e45,,kcm,,1.754184931629411
2e45,,kcm,,1.791704633237858
2e45,,kcm,,1.636361683570859
2e45,,kcm,,1.706650653281102
2e45,,kcm,,1.888944338721505
2e45,,kcm,,1.786076574596174
2e45,,kcm,,1.784419936701573
2e45,,kcm,,1.703352119874282
2e45,,kcm,,1.891776290529648
2e45,,kcm,,1.791424705693698
2e45,,kcm,,1.86659733
2e45,,kcm,,1.949102473
2e45,,kcm,,1.930631836592043
2e45,,kcm,,1.879992938615098
2e45,,kcm,,1.765883282641435
2e45,,kcm,,2.314268536398265
2e45,,kcm,,1.841287834093821
2e45,,kcm,,1.719270795
2e45,,kcm,,1.802280422597906
2e45,,kcm,,1.657664858029077
2e45,,kcm,,1.842695796434274
2e45,,kcm,,2.023036577030119
2e45,,kcm,,1.823429628469397
2e45,,kcm,,1.900080795665235
2e45,,kcm,,1.811796311976963
2e45,,kcm,,1.937229752920542
2e45,,kcm,,1.860888845033063
2e45,,kcm,,1.930694913390086
2e45,,kcm,,1.920271279
2e45,,kcm,,1.989831013021011
2e45,,kcm,,1.950169830411588
2e45,,kcm,,1.933323611025788
2e45,,kcm,,1.840094679612152
2e45,,kcm,,1.800655042166473
2e45,,kcm,,2.025356067715967
2e45,,kcm,,1.783654656487537
2e45,,kcm,,1.942788032888661
2e45,,kcm,,1.826337390415423
2e45,,kcm,,1.953295699911478
2e45,,kcm,,1.888281424790819
2e45,,kcm,,2.007329158206612
2e45,,kcm,,1.875971644648314
2e45,,kcm,,1.977864839560895
2kxq,,kcm,,1.929854816385169
2kxq,,kcm,,1.936638983278598
2kxq,,kcm,,2.156706093727958
2kxq,,kcm,,1.611430473
2kxq,,kcm,,1.803063410209008
2kxq,,kcm,,2.092442772
2kxq,,kcm,,1.999606379875419
2kxq,,kcm,,2.086693132291585
2kxq,,kcm,,1.926158962388274
2kxq,,kcm,,2.014101352519133
2kxq,,kcm,,1.739933817690031
2kxq,,kcm,,1.776251094995851
2kxq,,kcm,,2.135022943687591
2kxq,,kcm,,2.060220310072088
2kxq,,kcm,,2.447795909
2kxq,,kcm,,2.136706356963412
2kxq,,kcm,,2.331284477244846
2kxq,,kcm,,2.704714762937589
2kxq,,kcm,,1.632018966957278
2kxq,,kcm,,2.029518116849685
2kxq,,kcm,,2.592477215011072
2kxq,,kcm,,2.687550318047298
2kxq,,kcm,,1.854344574469004
2kxq,,kcm,,1.810886287321636
2kxq,,kcm,,2.214800217619477
2kxq,,kcm,,2.068495772645974
2kxq,,kcm,,2.226010902298114
2kxq,,kcm,,2.355293836789199
2kxq,,kcm,,2.177574031839992
2kxq,,kcm,,1.821952724816332
2kxq,,kcm,,1.950881018867169
2kxq,,kcm,,2.295016897412207
2kxq,,kcm,,2.092701694091271
2kxq,,kcm,,2.172503468723257
2kxq,,kcm,,2.079994435425186
2kxq,,kcm,,2.340595451952804
2kxq,,kcm,,2.142838199471196
2kxq,,kcm,,2.149499707824398
2kxq,,kcm,,2.630214972660762
2kxq,,kcm,,2.211786538013548
2kxq,,kcm,,2.365026715311212
2kxq,,kcm,,2.000205696972237
2kxq,,kcm,,2.113860880392859
2kxq,,kcm,,2.409425009782817
2kxq,,kcm,,2.290312802913349
2kxq,,kcm,,2.413136457909875
2kxq,,kcm,,2.300147944681712
2kxq,,kcm,,2.233614847840343
2kxq,,kcm,,2.528894076879298
2kxq,,kcm,,2.067575071510238
2lkm,,kcm,,0.6050433407059668
2lkm,,kcm,,0.6591772753436598
2lkm,,kcm,,0.9180670121063228
2lkm,,kcm,,0.6512552271608739
2lkm,,kcm,,0.6225502106873233
2lkm,,kcm,,0.6053251729614767
2lkm,,kcm,,0.7114191082321839
2lkm,,kcm,,0.6362193588272572
2lkm,,kcm,,0.5640464791628296
2lkm,,kcm,,0.5619863770630367
2lkm,,kcm,,0.5369965035877026
2lkm,,kcm,,0.608148056
2lkm,,kcm,,0.7356601732340375
2lkm,,kcm,,0.7122736471896548
2lkm,,kcm,,0.792728243
2lkm,,kcm,,0.7161136384686883
2lkm,,kcm,,0.5518079918558059
2lkm,,kcm,,1.120335106
2lkm,,kcm,,1.026426741764482
2lkm,,kcm,,0.7220389393460713
2lkm,,kcm,,0.9576040689998409
2lkm,,kcm,,0.761953317
2lkm,,kcm,,1.027218795067802
2lkm,,kcm,,0.805464103
2lkm,,kcm,,0.737470289
2lkm,,kcm,,0.8322145206990472
2lkm,,kcm,,0.8885648222779768
2lkm,,kcm,,0.8919977055597845
2lkm,,kcm,,0.6028251365254034
2lkm,,kcm,,0.8904665440869433
2lkm,,kcm,,0.6392034962419408
2lkm,,kcm,,0.6514873842863445
2lkm,,kcm,,0.8801250947302574
2lkm,,kcm,,0.6338558198167685
2lkm,,kcm,,1.028765052520059
2lkm,,kcm,,1.076778703004332
2lkm,,kcm,,1.031995405
2lkm,,kcm,,0.7609487747221503
2lkm,,kcm,,0.6385940803570133
2lkm,,kcm,,1.067174094627396
2lkm,,kcm,,0.9447000065006648
2lkm,,kcm,,0.8821045530609807
2lkm,,kcm,,1.089127062247995
2lkm,,kcm,,0.7190116493884271
2lkm,,kcm,,0.6733238785571832
2lkm,,kcm,,0.6944844571597572
2lkm,,kcm,,0.8454267550085601
2lkm,,kcm,,0.7525443973382157
2lkm,,kcm,,0.938721642
2lkm,,kcm,,0.9257253638030192
2oar,,kcm,,0.3326234677308116
2oar,,kcm,,0.350490066
2oar,,kcm,,0.3123445994001297
2oar,,kcm,,0.3807066322010665
2oar,,kcm,,0.4252599787249225
2oar,,kcm,,0.4545069719187277
2oar,,kcm,,0.4485501203658128
2oar,,kcm,,0.3356921190861112
2oar,,kcm,,0.3253319363506201
2oar,,kcm,,0.3355315870232107
2oar,,kcm,,0.4425760443303672
2oar,,kcm,,0.3390759763989177
2oar,,kcm,,0.385334022
2oar,,kcm,,0.426718716
2oar,,kcm,,0.3679038521174103
2oar,,kcm,,0.3752099599413746
2oar,,kcm,,0.4354802359656763
2oar,,kcm,,0.3016178686020971
2oar,,kcm,,0.4637047015963224
2oar,,kcm,,0.3357628578418088
2oar,,kcm,,0.479788446
2oar,,kcm,,0.3380471327226102
2oar,,kcm,,0.3128239187046359
2oar,,kcm,,0.3809540827905818
2oar,,kcm,,0.4912691355100037
2oar,,kcm,,0.3895626612015899
2oar,,kcm,,0.4071974731163566
2oar,,kcm,,0.3310483223288127
2oar,,kcm,,0.3399890643146399
2oar,,kcm,,0.3705436337435661
2oar,,kcm,,0.4441726039149624
2oar,,kcm,,0.394042034
2oar,,kcm,,0.3622071386009242
2oar,,kcm,,0.3869953220500441
2oar,,kcm,,0.407621528
2oar,,kcm,,0.3423917527095777
2oar,,kcm,,0.3429213291605858
2oar,,kcm,,0.4215059681747299
2oar,,kcm,,0.3826288192461352
2oar,,kcm,,0.4717599979036734
2oar,,kcm,,0.4094183944635424
2oar,,kcm,,0.3974419446063448
2oar,,kcm,,0.3762339923711963
2oar,,kcm,,0.3279376577054205
2oar,,kcm,,0.4389555943283445
2oar,,kcm,,0.4168151929676377
2oar,,kcm,,0.4900482017329005
2oar,,kcm,,0.3906058183336141
2oar,,kcm,,0.3954744168368327
2oar,,kcm,,0.3749874033401697
2qiw,,kcm,,0.4916676617991449
2qiw,,kcm,,0.5309587631063665
2qiw,,kcm,,0.5064032517861382
2qiw,,kcm,,0.643281222
2qiw,,kcm,,0.6810636211096824
2qiw,,kcm,,0.6019845552315874
2qiw,,kcm,,0.6419302164246123
2qiw,,kcm,,0.6684258031221776
2qiw,,kcm,,0.6259932255424078
2qiw,,kcm,,0.6659130471390159
2qiw,,kcm,,0.5409301075582037
2qiw,,kcm,,0.6585708346479383
2qiw,,kcm,,0.7995652256511108
2qiw,,kcm,,0.7108641763694744
2qiw,,kcm,,0.5139615057483957
2qiw,,kcm,,0.6521867574587928
2qiw,,kcm,,0.5607148727938962
2qiw,,kcm,,0.7222333253855564
2qiw,,kcm,,0.7638481820843919
2qiw,,kcm,,0.5972989710178389
2qiw,,kcm,,0.6434224985176439
2qiw,,kcm,,0.6695395586463119
2qiw,,kcm,,0.7285067198585742
2qiw,,kcm,,0.8087537943193152
2qiw,,kcm,,0.7767745958356231
2qiw,,kcm,,0.7402456139949717
2qiw,,kcm,,0.7842480365354889
2qiw,,kcm,,0.7221615656882476
2qiw,,kcm,,0.6070894993353377
2qiw,,kcm,,0.6835277737781286
2qiw,,kcm,,0.8529026936933161
2qiw,,kcm,,0.614609125
2qiw,,kcm,,0.739045557
2qiw,,kcm,,0.6877883187928621
2qiw,,kcm,,0.5083773602687115
2qiw,,kcm,,0.6353061268292464
2qiw,,kcm,,0.6993062414107475
2qiw,,kcm,,0.6352743555007023
2qiw,,kcm,,0.770085585
2qiw,,kcm,,0.8185365578749031
2qiw,,kcm,,0.8805762699759063
2qiw,,kcm,,0.9199752289145476
2qiw,,kcm,,0.7000414868300834
2qiw,,kcm,,0.7469003437432321
2qiw,,kcm,,0.9259243252481972
2qiw,,kcm,,0.8101146912507206
2qiw,,kcm,,0.6563382579377427
2qiw,,kcm,,0.619207666
2qiw,,kcm,,0.5084433309188431
2qiw,,kcm,,0.5637003600245898
2qq8,,kcm,,2.188353591388665
2qq8,,kcm,,2.666057910366895
2qq8,,kcm,,2.240568571675935
2qq8,,kcm,,2.699305515317055
2qq8,,kcm,,2.608345951716693
2qq8,,kcm,,2.251800976
2qq8,,kcm,,2.779198556024395
2qq8,,kcm,,3.004971033069112
2qq8,,kcm,,2.745568496748101
2qq8,,kcm,,2.384006888795667
2qq8,,kcm,,2.348664794463694
2qq8,,kcm,,2.702775552535644
2qq8,,kcm,,2.863734452868097
2qq8,,kcm,,2.382685307554923
2qq8,,kcm,,2.519895890618127
2qq8,,kcm,,2.924583513
2qq8,,kcm,,2.982359772612397
2qq8,,kcm,,2.779970024551046
2qq8,,kcm,,2.933119939650212
2qq8,,kcm,,2.900490165866759
2qq8,,kcm,,3.414060501
2qq8,,kcm,,2.793866130391951
2qq8,,kcm,,2.657184996075331
2qq8,,kcm,,2.759586653669963
2qq8,,kcm,,2.535770912511694
2qq8,,kcm,,2.839404658842557
2qq8,,kcm,,2.630892857910979
2qq8,,kcm,,2.867285218
2qq8,,kcm,,2.691950704427381
2qq8,,kcm,,2.602017923053017
2qq8,,kcm,,2.943006286556528
2qq8,,kcm,,2.409428549848574
2qq8,,kcm,,2.660617150741912
2qq8,,kcm,,2.563433985000419
2qq8,,kcm,,2.436801980340782
2qq8,,kcm,,2.674701598599396
2qq8,,kcm,,2.738386793556395
2qq8,,kcm,,2.759837883204272
2qq8,,kcm,,3.204890067228138
2qq8,,kcm,,2.849734362113224
2qq8,,kcm,,2.783925525188387
2qq8,,kcm,,2.650375134
2qq8,,kcm,,2.754832388770962
2qq8,,kcm,,3.083831186197375
2qq8,,kcm,,2.824377844803688
2qq8,,kcm,,2.336219033343299
2qq8,,kcm,,2.534364426465963
2qq8,,kcm,,2.997275002
2qq8,,kcm,,2.821191077195151
2qq8,,kcm,,2.800063915527054
3c8v,,kcm,,0.5127402042630933
3c8v,,kcm,,0.4708351005221355
3c8v,,kcm,,0.541312961
3c8v,,kcm,,0.5794101447169854
3c8v,,kcm,,0.6313343295909245
3c8v,,kcm,,0.6397467433843181
3c8v,,kcm,,0.5852448555647713
3c8v,,kcm,,0.5206889337170816
3c8v,,kcm,,0.505007017
3c8v,,kcm,,0.6479614968358874
3c8v,,kcm,,0.5019235377641181
3c8v,,kcm,,0.5063195959665625
3c8v,,kcm,,0.5056191276798455
3c8v,,kcm,,0.5963861376077949
3c8v,,kcm,,0.4958533009846399
3c8v,,kcm,,0.5490081886128444
3c8v,,kcm,,0.6040355305819959
3c8v,,kcm,,0.5101370730300434
3c8v,,kcm,,0.6776803178953767
3c8v,,kcm,,0.5489025133430872
3c8v,,kcm,,0.5297889844417004
3c8v,,kcm,,0.5548438664090631
3c8v,,kcm,,0.5767833612611977
3c8v,,kcm,,0.5481903491692424
3c8v,,kcm,,0.5786690356632228
3c8v,,kcm,,0.6029505331434964
3c8v,,kcm,,0.5795516945069691
3c8v,,kcm,,0.5217635664825132
3c8v,,kcm,,0.6291415923662135
3c8v,,kcm,,0.514649017
3c8v,,kcm,,0.7042144990014724
3c8v,,kcm,,0.5834123186305754
3c8v,,kcm,,0.7137957909461368
3c8v,,kcm,,0.5563707481181845
3c8v,,kcm,,0.5415142008199493
3c8v,,kcm,,0.6735094470582772
3c8v,,kcm,,0.6311575284638519
3c8v,,kcm,,0.6121239889867627
3c8v,,kcm,,0.6712180886838064
3c8v,,kcm,,0.6462148091333596
3c8v,,kcm,,0.6825864187641565
3c8v,,kcm,,0.5648907500467651
3c8v,,kcm,,0.5070434523059156
3c8v,,kcm,,0.5176358294022225
3c8v,,kcm,,0.5336414166242804
3c8v,,kcm,,0.6268329595895488
3c8v,,kcm,,0.6344257831892973
3c8v,,kcm,,0.6523268751864624
3c8v,,kcm,,0.6418241606561227
3c8v,,kcm,,0.6577930522437451
3ewk,,kcm,,0.6043217777775276
3ewk,,kcm,,0.485498107
3ewk,,kcm,,0.5552682877966153
3ewk,,kcm,,0.5002560100374381
3ewk,,kcm,,0.5527935864599247
3ewk,,kcm,,0.595135581
3ewk,,kcm,,0.5683223788664526
3ewk,,kcm,,0.5269003606022683
3ewk,,kcm,,0.5246137041982044
3ewk,,kcm,,0.528209307
3ewk,,kcm,,0.5405909989659995
3ewk,,kcm,,0.5589165204214298
3ewk,,kcm,,0.5297368553688367
3ewk,,kcm,,0.5843382368736568
3ewk,,kcm,,0.5495143255579626
3ewk,,kcm,,0.5836149612418288
3ewk,,kcm,,0.5217170675224473
3ewk,,kcm,,0.6650458002156909
3ewk,,kcm,,0.5225298869064292
3ewk,,kcm,,0.5676944221100103
3ewk,,kcm,,0.5517499137761832
3ewk,,kcm,,0.5864299006676376
3ewk,,kcm,,0.5905464958402903
3ewk,,kcm,,0.5822463453252962
3ewk,,kcm,,0.5930565424998487
3ewk,,kcm,,0.5701331841124329
3ewk,,kcm,,0.5791270633846302
3ewk,,kcm,,0.5124891329233009
3ewk,,kcm,,0.532393449
3ewk,,kcm,,0.5248149100775966
3ewk,,kcm,,0.5642719719616077
3ewk,,kcm,,0.5492701771550235
3ewk,,kcm,,0.5405783061408741
3ewk,,kcm,,0.5390420830153709
3ewk,,kcm,,0.5144401373159424
3ewk,,kcm,,0.5634771660688638
3ewk,,kcm,,0.5936794534351021
3ewk,,kcm,,0.5631767515254147
3ewk,,kcm,,0.657130471
3ewk,,kcm,,0.5268975724411991
3ewk,,kcm,,0.6474296150012656
3ewk,,kcm,,0.7045708793285858
3ewk,,kcm,,0.6923346430316418
3ewk,,kcm,,0.5768084674734681
3ewk,,kcm,,0.526760934
3ewk,,kcm,,0.5427161108037317
3ewk,,kcm,,0.4840904608929834
3ewk,,kcm,,0.5217838776176162
3ewk,,kcm,,0.6670677530589589
3ewk,,kcm,,0.5314183743824676
3h25,,kcm,,0.6143746221003723
3h25,,kcm,,0.8065845497720714
3h25,,kcm,,0.4664060353034211
3h25,,kcm,,0.5319311095337823
3h25,,kcm,,0.7970862912569999
3h25,,kcm,,0.8224636464650716
3h25,,kcm,,0.8105809510203429
3h25,,kcm,,0.7531911591401472
3h25,,kcm,,0.4946352206069072
3h25,,kcm,,0.4871886824323731
3h25,,kcm,,0.6897632971018012
3h25,,kcm,,0.8142909448827332
3h25,,kcm,,0.5795123079752121
3h25,,kcm,,0.9109413918989478
3h25,,kcm,,0.4841722002331476
3h25,,kcm,,0.5868306486293519
3h25,,kcm,,0.6155177744321745
3h25,,kcm,,0.8296148753304927
3h25,,kcm,,0.5659856247306405
3h25,,kcm,,0.695107719
3h25,,kcm,,0.7862755573588631
3h25,,kcm,,0.7761343130498165
3h25,,kcm,,0.8222643129605588
3h25,,kcm,,0.8750447227765302
3h25,,kcm,,0.9210956706123292
3h25,,kcm,,0.8196250723634717
3h25,,kcm,,0.6663386928933743
3h25,,kcm,,0.5345449813064823
3h25,,kcm,,0.7345620911271765
3h25,,kcm,,0.8059443241820013
3h25,,kcm,,0.7994070925619604
3h25,,kcm,,0.9192295198459688
3h25,,kcm,,0.6803260522210122
3h25,,kcm,,0.8933179965025276
3h25,,kcm,,0.5347324224492744
3h25,,kcm,,0.8439496828375256
3h25,,kcm,,0.6156560512399312
3h25,,kcm,,0.6693609263617332
3h25,,kcm,,0.6397984499143715
3h25,,kcm,,0.735671372
3h25,,kcm,,0.5369200494181973
3h25,,kcm,,0.7809980749211538
3h25,,kcm,,0.7570948634077065
3h25,,kcm,,0.7402985155001304
3h25,,kcm,,0.9265021177433388
3h25,,kcm,,0.8226777880856923
3h25,,kcm,,0.7553998629732742
3h25,,kcm,,0.7743419791655942
3h25,,kcm,,0.5725796199388178
3h25,,kcm,,0.639861331
3m9q,,kcm,,0.4183684876001018
3m9q,,kcm,,0.378911751
3m9q,,kcm,,0.4029568891770263
3m9q,,kcm,,0.4392599202216922
3m9q,,kcm,,0.3904798170572731
3m9q,,kcm,,0.4021398178897435
3m9q,,kcm,,0.4041069540792551
3m9q,,kcm,,0.423026709
3m9q,,kcm,,0.3302918859631911
3m9q,,kcm,,0.4046217926349693
3m9q,,kcm,,0.4408262573786226
3m9q,,kcm,,0.2867515779959788
3m9q,,kcm,,0.3724182207959177
3m9q,,kcm,,0.404800756
3m9q,,kcm,,0.4013165356942225
3m9q,,kcm,,0.4271587932735679
3m9q,,kcm,,0.3321234657505353
3m9q,,kcm,,0.3874201383760265
3m9q,,kcm,,0.3776798561897799
3m9q,,kcm,,0.4019078628229284
3m9q,,kcm,,0.4155559470621607
3m9q,,kcm,,0.4403501244462975
3m9q,,kcm,,0.4108197228800786
3m9q,,kcm,,0.3604134096536535
3m9q,,kcm,,0.2999487094416626
3m9q,,kcm,,0.41607781
3m9q,,kcm,,0.4272679591634424
3m9q,,kcm,,0.4316645177260212
3m9q,,kcm,,0.4235594123300193
3m9q,,kcm,,0.4042434115018836
3m9q,,kcm,,0.4075728859622941
3m9q,,kcm,,0.4490605575779979
3m9q,,kcm,,0.4640925924449767
3m9q,,kcm,,0.4943975646689961
3m9q,,kcm,,0.4359351751437236
3m9q,,kcm,,0.408017177
3m9q,,kcm,,0.4086057576032761
3m9q,,kcm,,0.4104506261669854
3m9q,,kcm,,0.43358099
3m9q,,kcm,,0.4621609987357085
3m9q,,kcm,,0.4043419355651588
3m9q,,kcm,,0.4090201749638678
3m9q,,kcm,,0.4532870221586047
3m9q,,kcm,,0.4609257020514871
3m9q,,kcm,,0.4511412631287406
3m9q,,kcm,,0.4380074371205484
3m9q,,kcm,,0.4574371652667612
3m9q,,kcm,,0.4194814937694932
3m9q,,kcm,,0.3869629880275381
3m9q,,kcm,,0.4636724841715344
3sb1,,kcm,,0.6657913188266957
3sb1,,kcm,,0.4372387446595586
3sb1,,kcm,,0.5396846277263218
3sb1,,kcm,,0.6321132139948146
3sb1,,kcm,,0.6763101084960981
3sb1,,kcm,,0.5278711493268349
3sb1,,kcm,,0.517611618
3sb1,,kcm,,0.6201698917609878
3sb1,,kcm,,0.6972663558827905
3sb1,,kcm,,0.7003579923024074
3sb1,,kcm,,0.401264747
3sb1,,kcm,,0.593282403
3sb1,,kcm,,0.468015833
3sb1,,kcm,,0.6605626993748391
3sb1,,kcm,,0.578561968
3sb1,,kcm,,0.5472737956339063
3sb1,,kcm,,0.726449601
3sb1,,kcm,,0.4845492772399571
3sb1,,kcm,,0.517850109
3sb1,,kcm,,0.6955362195772665
3sb1,,kcm,,0.594874474
3sb1,,kcm,,0.5602544147874141
3sb1,,kcm,,0.7049188196166134
3sb1,,kcm,,0.5748281916726381
3sb1,,kcm,,0.4751157500378499
3sb1,,kcm,,0.8293573387122579
3sb1,,kcm,,0.6433999461645639
3sb1,,kcm,,0.6438990966577262
3sb1,,kcm,,0.8217024661951565
3sb1,,kcm,,0.7910710143488316
3sb1,,kcm,,0.5660348397962841
3sb1,,kcm,,0.548220907
3sb1,,kcm,,0.5194676984193342
3sb1,,kcm,,0.7575270951023628
3sb1,,kcm,,0.5700800252043443
3sb1,,kcm,,0.7099265004953241
3sb1,,kcm,,0.727141156
3sb1,,kcm,,0.7006410549954771
3sb1,,kcm,,0.7204440677330548
3sb1,,kcm,,0.548727288
3sb1,,kcm,,0.6688406178765084
3sb1,,kcm,,0.756018866
3sb1,,kcm,,0.6502780393005798
3sb1,,kcm,,0.739758933
3sb1,,kcm,,0.7985809913889381
3sb1,,kcm,,0.7050686970341957
3sb1,,kcm,,0.5995603361175215
3sb1,,kcm,,0.8195690200873291
3sb1,,kcm,,0.6094494725227811
3sb1,,kcm,,0.7924459378187177
3w68,,kcm,,2.244257996413909
3w68,,kcm,,2.343465260481438
3w68,,kcm,,2.137688457070818
3w68,,kcm,,2.012271143061551
3w68,,kcm,,2.241468289849545
3w68,,kcm,,2.482145871261539
3w68,,kcm,,2.444493438730624
3w68,,kcm,,2.480204295080733
3w68,,kcm,,2.497762925287497
3w68,,kcm,,2.478143261733562
3w68,,kcm,,2.20889279
3w68,,kcm,,2.695545049
3w68,,kcm,,2.365363665868294
3w68,,kcm,,2.602168137751774
3w68,,kcm,,2.534392164041305
3w68,,kcm,,2.534161536042091
3w68,,kcm,,3.016902841276596
3w68,,kcm,,2.398283402818096
3w68,,kcm,,2.730084547845917
3w68,,kcm,,2.549659003103061
3w68,,kcm,,2.550806374301995
3w68,,kcm,,2.623712714495077
3w68,,kcm,,2.610197395275199
3w68,,kcm,,2.768337332094701
3w68,,kcm,,2.482001812577899
3w68,,kcm,,2.515574200040262
3w68,,kcm,,2.567631243824612
3w68,,kcm,,2.627088460733208
3w68,,kcm,,2.490206086440631
3w68,,kcm,,2.123801907149576
3w68,,kcm,,2.227633719835039
3w68,,kcm,,2.447245438987978
3w68,,kcm,,2.118641934409926
3w68,,kcm,,2.417884055253024
3w68,,kcm,,2.645952533429769
3w68,,kcm,,2.629194341917927
3w68,,kcm,,2.441772186117054
3w68,,kcm,,2.520518671579185
3w68,,kcm,,2.683244112162384
3w68,,kcm,,2.393297112420162
3w68,,kcm,,2.670528032188227
3w68,,kcm,,2.788995662568664
3w68,,kcm,,2.038636877623616
3w68,,kcm,,2.662326841738178
3w68,,kcm,,2.800255395958157
3w68,,kcm,,2.560060782307023
3w68,,kcm,,2.244758831
3w68,,kcm,,2.526791713039281
3w68,,kcm,,2.509950595080726
3w68,,kcm,,2.670839247992082
5uiy,,kcm,,0.802371005
5uiy,,kcm,,1.008296245021735
5uiy,,kcm,,0.9394009374566984
5uiy,,kcm,,1.002281372367775
5uiy,,kcm,,1.267075508670242
5uiy,,kcm,,0.8574141476992645
5uiy,,kcm,,1.373327844672459
5uiy,,kcm,,0.800946459
5uiy,,kcm,,0.9139532452084408
5uiy,,kcm,,1.483347707
5uiy,,kcm,,1.429278074000868
5uiy,,kcm,,1.363183651
5uiy,,kcm,,1.404070212142276
5uiy,,kcm,,1.526034297
5uiy,,kcm,,1.039573589024863
5uiy,,kcm,,0.8735590736737763
5uiy,,kcm,,1.536735575445063
5uiy,,kcm,,1.229168182108952
5uiy,,kcm,,1.342093652688777
5uiy,,kcm,,1.472234490612961
5uiy,,kcm,,1.725251119740757
5uiy,,kcm,,1.042735616088114
5uiy,,kcm,,1.485282523309885
5uiy,,kcm,,1.643371760814765
5uiy,,kcm,,1.570392727456836
5uiy,,kcm,,1.446997511944439
5uiy,,kcm,,1.362721564873823
5uiy,,kcm,,1.608796601993107
5uiy,,kcm,,1.72551262
5uiy,,kcm,,1.111092857021275
5uiy,,kcm,,1.265477797168957
5uiy,,kcm,,1.617981972342626
5uiy,,kcm,,1.613476158707199
5uiy,,kcm,,1.949972411975998
5uiy,,kcm,,1.603571576503768
5uiy,,kcm,,1.529720489013343
5uiy,,kcm,,1.460232341984041
5uiy,,kcm,,1.722724881314816
5uiy,,kcm,,1.402963485427497
5uiy,,kcm,,1.449236950467133
5uiy,,kcm,,1.423762783142805
5uiy,,kcm,,1.047448599696744
5uiy,,kcm,,1.289457191992821
5uiy,,kcm,,1.630410796279276
5uiy,,kcm,,1.363415132339086
5uiy,,kcm,,1.516946532104164
5uiy,,kcm,,1.457177737345934
5uiy,,kcm,,1.590716787385404
5uiy,,kcm,,1.620431989190276
5uiy,,kcm,,1.349836324