SequenceLength,SampleNo,WallClockTime,CPUTime,LogWallClockTime,LogSequenceLength
10,1,1.758779287,1.360157493,0.564619981,2.302585093
10,2,0.893721581,0.89393872,-0.112360983,2.302585093
10,3,0.888892412,0.889188177,-0.117779072,2.302585093
10,4,0.876241446,0.876433526,-0.132113603,2.302585093
10,5,0.877967358,0.878257937,-0.130145864,2.302585093
10,6,0.877091885,0.877321847,-0.13114352,2.302585093
10,7,0.880247355,0.880491304,-0.127552326,2.302585093
10,8,0.876353741,0.876682285,-0.131985456,2.302585093
10,9,0.874789476,0.875067344,-0.13377202,2.302585093
10,10,0.874234676,0.874540096,-0.134406431,2.302585093
10,11,0.882526398,0.883153766,-0.124966578,2.302585093
10,12,0.876775742,0.877132773,-0.13150403,2.302585093
10,13,0.879627466,0.879960496,-0.128256795,2.302585093
10,14,0.878542185,0.87893636,-0.129491353,2.302585093
10,15,0.887893915,0.888491123,-0.118903008,2.302585093
10,16,0.885580063,0.886104999,-0.12151241,2.302585093
10,17,0.887763739,0.888043614,-0.119049631,2.302585093
10,18,0.88128829,0.881874896,-0.126370476,2.302585093
10,19,0.881494522,0.88192301,-0.126136492,2.302585093
10,20,0.877502918,0.877865837,-0.130674998,2.302585093
10,21,0.882378101,0.882954938,-0.125134629,2.302585093
10,22,0.878856421,0.879267914,-0.129133738,2.302585093
10,23,0.880738974,0.881238265,-0.126993981,2.302585093
10,24,0.875422716,0.875644187,-0.133048405,2.302585093
10,25,0.875158548,0.875480444,-0.133350211,2.302585093
10,26,0.874854088,0.87514159,-0.133698163,2.302585093
10,27,0.875356436,0.875665402,-0.13312412,2.302585093
10,28,0.88845396,0.888749619,-0.11827245,2.302585093
10,29,0.879588842,0.879862037,-0.128300706,2.302585093
10,30,0.881248951,0.881622791,-0.126415115,2.302585093
10,31,0.881554127,0.881820665,-0.126068876,2.302585093
10,32,0.87656498,0.876865822,-0.131744442,2.302585093
10,33,0.874829769,0.875106569,-0.133725961,2.302585093
10,34,0.878367901,0.878700331,-0.129689751,2.302585093
10,35,0.877836466,0.878092412,-0.13029496,2.302585093
10,36,0.877629757,0.87790906,-0.130530463,2.302585093
10,37,0.875983477,0.876239352,-0.13240805,2.302585093
10,38,0.881076097,0.881352263,-0.126611281,2.302585093
10,39,0.875547409,0.875787479,-0.132905978,2.302585093
10,40,0.880074024,0.880275671,-0.127749257,2.302585093
10,41,0.879490137,0.879809266,-0.128412929,2.302585093
10,42,0.877821684,0.878093404,-0.130311799,2.302585093
10,43,0.877688408,0.878006019,-0.130463637,2.302585093
10,44,0.878034353,0.878301607,-0.13006956,2.302585093
10,45,0.876281977,0.876588979,-0.132067348,2.302585093
10,46,0.878153086,0.878423622,-0.129934343,2.302585093
10,47,0.878912449,0.879162895,-0.129069989,2.302585093
10,48,0.877814054,0.878059578,-0.130320491,2.302585093
10,49,0.876309395,0.876607399,-0.13203606,2.302585093
10,50,0.876469374,0.87672021,-0.131853516,2.302585093
10,51,0.876463413,0.876723134,-0.131860318,2.302585093
10,52,0.878711462,0.878782978,-0.129298692,2.302585093
10,53,0.878219843,0.878469784,-0.129858326,2.302585093
10,54,0.876353979,0.876600681,-0.131985184,2.302585093
10,55,0.875811338,0.876089113,-0.132604579,2.302585093
10,56,0.877538681,0.877783244,-0.130634244,2.302585093
10,57,0.876346111,0.87656855,-0.131994162,2.302585093
10,58,0.876520634,0.876819549,-0.131795034,2.302585093
10,59,0.87673831,0.87698853,-0.131546723,2.302585093
10,60,0.876808405,0.877128605,-0.131466777,2.302585093
10,61,0.874629259,0.874840305,-0.133955186,2.302585093
10,62,0.875203848,0.875469291,-0.133298451,2.302585093
10,63,0.877631664,0.877910407,-0.13052829,2.302585093
10,64,0.875577211,0.875798089,-0.13287194,2.302585093
10,65,0.878479242,0.878816376,-0.129563001,2.302585093
10,66,0.875991344,0.87627935,-0.132399069,2.302585093
10,67,0.876233339,0.876574104,-0.132122855,2.302585093
10,68,0.878775597,0.879012485,-0.129225707,2.302585093
10,69,0.877824545,0.878173971,-0.13030854,2.302585093
10,70,0.87784338,0.878086766,-0.130287084,2.302585093
10,71,0.877621889,0.877897328,-0.130539428,2.302585093
10,72,0.876489401,0.876747878,-0.131830667,2.302585093
10,73,0.879760504,0.880056661,-0.128105563,2.302585093
10,74,0.879137516,0.87937513,-0.128813948,2.302585093
10,75,0.882938385,0.8831897,-0.12449986,2.302585093
10,76,0.883300304,0.883611299,-0.124090041,2.302585093
10,77,0.896857738,0.897142502,-0.108858027,2.302585093
10,78,0.919526815,0.91994257,-0.083896073,2.302585093
10,79,0.917472363,0.917767204,-0.086132822,2.302585093
10,80,0.922413588,0.922712595,-0.080761579,2.302585093
10,81,0.915222406,0.915460875,-0.088588177,2.302585093
10,82,0.917594433,0.917816743,-0.08599978,2.302585093
10,83,0.914180517,0.914430645,-0.089727225,2.302585093
10,84,0.911692858,0.911964038,-0.092452124,2.302585093
10,85,0.876190186,0.876435265,-0.132172104,2.302585093
10,86,0.87633872,0.876538981,-0.132002596,2.302585093
10,87,0.872119665,0.872362103,-0.136828634,2.302585093
10,88,0.874106646,0.874308367,-0.13455289,2.302585093
10,89,0.872394323,0.872596873,-0.136513752,2.302585093
10,90,0.87343955,0.873643632,-0.135316356,2.302585093
10,91,0.87390089,0.874136204,-0.134788308,2.302585093
10,92,0.875530243,0.875699228,-0.132925584,2.302585093
10,93,0.873901129,0.87399056,-0.134788034,2.302585093
10,94,0.872197866,0.872407621,-0.13673897,2.302585093
10,95,0.874225855,0.874433699,-0.134416521,2.302585093
10,96,0.872373581,0.872586795,-0.136537528,2.302585093
10,97,0.874449253,0.874644792,-0.134161016,2.302585093
10,98,0.873605013,0.873834914,-0.135126936,2.302585093
10,99,0.875346899,0.875526779,-0.133135015,2.302585093
10,100,0.875696898,0.875934512,-0.132735255,2.302585093
30,1,0.919342518,0.916130105,-0.084096519,3.401197382
30,2,0.907346964,0.907546263,-0.097230362,3.401197382
30,3,0.906975269,0.907189109,-0.097640096,3.401197382
30,4,0.905505419,0.905726223,-0.099262017,3.401197382
30,5,0.905569792,0.905797205,-0.099190929,3.401197382
30,6,0.912919283,0.91312231,-0.091107811,3.401197382
30,7,0.905846834,0.906075522,-0.098885045,3.401197382
30,8,0.910176039,0.910367911,-0.094117249,3.401197382
30,9,0.90527463,0.90549615,-0.099516923,3.401197382
30,10,0.90868926,0.908896278,-0.095752091,3.401197382
30,11,0.909036398,0.909252616,-0.095370144,3.401197382
30,12,0.9071064,0.907291917,-0.097495526,3.401197382
30,13,0.907531977,0.907807266,-0.097026477,3.401197382
30,14,0.908379316,0.908627379,-0.096093239,3.401197382
30,15,0.908116102,0.908297803,-0.096383043,3.401197382
30,16,0.910480976,0.910703247,-0.093782274,3.401197382
30,17,0.906231165,0.906411816,-0.098460856,3.401197382
30,18,0.907505989,0.90771473,-0.097055113,3.401197382
30,19,0.908990383,0.909120862,-0.095420765,3.401197382
30,20,0.907242537,0.907448408,-0.097345459,3.401197382
30,21,0.906368732,0.906566143,-0.098309067,3.401197382
30,22,0.907735348,0.907960787,-0.09680241,3.401197382
30,23,0.905025721,0.905243612,-0.099791915,3.401197382
30,24,0.905920267,0.906117889,-0.098803982,3.401197382
30,25,0.907437563,0.907691138,-0.097130516,3.401197382
30,26,0.908901691,0.909084739,-0.095518341,3.401197382
30,27,0.909891367,0.91011246,-0.094430064,3.401197382
30,28,0.90892005,0.909110673,-0.095498142,3.401197382
30,29,0.907124043,0.907343871,-0.097476076,3.401197382
30,30,0.905099869,0.905307831,-0.099709989,3.401197382
30,31,0.907643318,0.907891195,-0.096903799,3.401197382
30,32,0.906636477,0.906841205,-0.098013706,3.401197382
30,33,0.908139229,0.908343091,-0.096357576,3.401197382
30,34,0.906696081,0.906917108,-0.097947967,3.401197382
30,35,0.90874958,0.908974384,-0.095685712,3.401197382
30,36,0.909002542,0.909236812,-0.095407388,3.401197382
30,37,0.908624411,0.908820727,-0.095823459,3.401197382
30,38,0.921123981,0.921307084,-0.082160636,3.401197382
30,39,0.914672136,0.914861983,-0.089189599,3.401197382
30,40,0.91235733,0.912577418,-0.091723556,3.401197382
30,41,0.915841103,0.916001709,-0.087912398,3.401197382
30,42,0.910157204,0.910371314,-0.094137943,3.401197382
30,43,0.905626774,0.905839624,-0.099128007,3.401197382
30,44,0.908281326,0.908496361,-0.096201118,3.401197382
30,45,0.905463219,0.905659973,-0.099308622,3.401197382
30,46,0.90577054,0.905961155,-0.098969272,3.401197382
30,47,0.907245636,0.907464996,-0.097342043,3.401197382
30,48,0.907488585,0.907704507,-0.097074291,3.401197382
30,49,0.905694246,0.905927762,-0.099053507,3.401197382
30,50,0.908554554,0.908700595,-0.095900345,3.401197382
30,51,0.906075001,0.906274481,-0.098633194,3.401197382
30,52,0.908014297,0.90821225,-0.096495155,3.401197382
30,53,0.906160355,0.906415345,-0.098538996,3.401197382
30,54,0.906509876,0.906709473,-0.098153354,3.401197382
30,55,0.905772209,0.906017465,-0.098967429,3.401197382
30,56,0.906970501,0.907192867,-0.097645353,3.401197382
30,57,0.905928135,0.906130563,-0.098795297,3.401197382
30,58,0.908504248,0.908720597,-0.095955715,3.401197382
30,59,0.90663147,0.90678927,-0.098019229,3.401197382
30,60,0.905369282,0.905583758,-0.099412372,3.401197382
30,61,0.905123949,0.905323759,-0.099683384,3.401197382
30,62,0.905540705,0.905774603,-0.09922305,3.401197382
30,63,0.906844378,0.907049607,-0.097784422,3.401197382
30,64,0.906407595,0.90662223,-0.09826619,3.401197382
30,65,0.907698393,0.907938749,-0.096843122,3.401197382
30,66,0.908008099,0.908413942,-0.096501981,3.401197382
30,67,0.910985947,0.911362344,-0.093227808,3.401197382
30,68,0.909659386,0.910110595,-0.094685051,3.401197382
30,69,0.909618616,0.909906245,-0.094729871,3.401197382
30,70,0.916131735,0.916903898,-0.087595109,3.401197382
30,71,0.910819769,0.911198249,-0.09341024,3.401197382
30,72,0.911396742,0.911723066,-0.092776975,3.401197382
30,73,0.914283514,0.914829758,-0.089614565,3.401197382
30,74,0.914611101,0.915072463,-0.08925633,3.401197382
30,75,0.956144094,0.956312281,-0.044846651,3.401197382
30,76,0.92904067,0.928824565,-0.073602763,3.401197382
30,77,0.907436848,0.907658349,-0.097131304,3.401197382
30,78,0.903746367,0.90399576,-0.101206525,3.401197382
30,79,0.902058125,0.902295237,-0.103076321,3.401197382
30,80,0.90353179,0.903880754,-0.101443984,3.401197382
30,81,0.915943623,0.916233313,-0.087800463,3.401197382
30,82,0.911734819,0.912264872,-0.0924061,3.401197382
30,83,0.908363342,0.90880908,-0.096110824,3.401197382
30,84,0.90861249,0.909136443,-0.095836579,3.401197382
30,85,0.910230637,0.910511889,-0.094057264,3.401197382
30,86,0.926779032,0.927128225,-0.076040111,3.401197382
30,87,0.921687841,0.921955838,-0.08154868,3.401197382
30,88,0.907141447,0.907437001,-0.097456891,3.401197382
30,89,0.906391621,0.906668176,-0.098283814,3.401197382
30,90,0.913409948,0.913737634,-0.090570487,3.401197382
30,91,0.907315969,0.907615806,-0.097264522,3.401197382
30,92,0.909007788,0.909321299,-0.095401617,3.401197382
30,93,0.909182072,0.909457982,-0.095209906,3.401197382
30,94,0.91297698,0.913272999,-0.091044612,3.401197382
30,95,0.926072121,0.92636985,-0.076803163,3.401197382
30,96,0.916150331,0.916492878,-0.087574811,3.401197382
30,97,0.910511494,0.910834166,-0.093748756,3.401197382
30,98,0.910076618,0.910351808,-0.094226487,3.401197382
30,99,0.90841341,0.908758452,-0.096055707,3.401197382
30,100,0.906174421,0.906467284,-0.098523474,3.401197382
50,1,0.916682005,0.916703933,-0.086994644,3.912023005
50,2,0.90932703,0.909619004,-0.095050481,3.912023005
50,3,0.914596796,0.914882885,-0.089271971,3.912023005
50,4,0.912132978,0.912409027,-0.09196949,3.912023005
50,5,0.9139359,0.914227765,-0.089994841,3.912023005
50,6,0.91404295,0.914277306,-0.089877717,3.912023005
50,7,0.913954735,0.914213404,-0.089974233,3.912023005
50,8,0.912856102,0.913137163,-0.091177021,3.912023005
50,9,0.908710957,0.908967663,-0.095728214,3.912023005
50,10,0.907861948,0.908091733,-0.096662952,3.912023005
50,11,0.90583849,0.906074913,-0.098894256,3.912023005
50,12,0.919999838,0.920270545,-0.083381785,3.912023005
50,13,0.912313461,0.91257293,-0.091771641,3.912023005
50,14,0.91281867,0.913023859,-0.091218027,3.912023005
50,15,0.91165328,0.91193667,-0.092495537,3.912023005
50,16,0.913281202,0.913526435,-0.090711448,3.912023005
50,17,0.912399769,0.912741298,-0.091677042,3.912023005
50,18,0.909404516,0.909676239,-0.094965272,3.912023005
50,19,0.910908937,0.911226043,-0.093312346,3.912023005
50,20,0.911376476,0.911598452,-0.092799211,3.912023005
50,21,0.91245842,0.912784302,-0.091612762,3.912023005
50,22,0.915311813,0.915542678,-0.088490493,3.912023005
50,23,0.923021555,0.923374273,-0.080102692,3.912023005
50,24,0.91674161,0.917194278,-0.086929624,3.912023005
50,25,0.911628723,0.911920744,-0.092522474,3.912023005
50,26,0.919133663,0.919837335,-0.084323723,3.912023005
50,27,0.920422077,0.921003834,-0.082922935,3.912023005
50,28,0.917762041,0.918201458,-0.085817137,3.912023005
50,29,0.917603731,0.918104818,-0.085989647,3.912023005
50,30,0.920979738,0.92161705,-0.082317243,3.912023005
50,31,0.914732933,0.915078159,-0.089123133,3.912023005
50,32,0.916863918,0.917271128,-0.086796217,3.912023005
50,33,0.913762808,0.914004258,-0.090184251,3.912023005
50,34,0.912913799,0.913256065,-0.091113818,3.912023005
50,35,0.915117264,0.915346315,-0.088703065,3.912023005
50,36,0.913436174,0.913630982,-0.090541775,3.912023005
50,37,0.912567854,0.912781283,-0.091492836,3.912023005
50,38,0.912096739,0.912395231,-0.092009221,3.912023005
50,39,0.913948298,0.914282669,-0.089981276,3.912023005
50,40,0.913446665,0.913789521,-0.09053029,3.912023005
50,41,0.914035082,0.914299023,-0.089886325,3.912023005
50,42,0.914417028,0.914691369,-0.089468545,3.912023005
50,43,0.922076225,0.922723833,-0.081127385,3.912023005
50,44,0.91838026,0.918749062,-0.085143748,3.912023005
50,45,0.912909031,0.913199047,-0.091119041,3.912023005
50,46,0.91730094,0.917781599,-0.086319682,3.912023005
50,47,0.916425943,0.916933108,-0.087274019,3.912023005
50,48,0.917674303,0.918213408,-0.085912741,3.912023005
50,49,0.914824486,0.915121189,-0.089023051,3.912023005
50,50,0.915439129,0.915909811,-0.088351406,3.912023005
50,51,0.91516614,0.915570745,-0.088649656,3.912023005
50,52,0.915766716,0.916123177,-0.087993624,3.912023005
50,53,0.918247938,0.918728116,-0.08528784,3.912023005
50,54,0.919822216,0.920595547,-0.083574871,3.912023005
50,55,0.9206388,0.92141855,-0.082687502,3.912023005
50,56,0.9165833,0.916992375,-0.087102327,3.912023005
50,57,0.914040089,0.914291873,-0.089880847,3.912023005
50,58,0.914104223,0.914377216,-0.089810684,3.912023005
50,59,0.913442135,0.913715633,-0.090535249,3.912023005
50,60,0.913424015,0.913704187,-0.090555087,3.912023005
50,61,0.912600994,0.912870061,-0.091456521,3.912023005
50,62,0.913669586,0.913968467,-0.090286276,3.912023005
50,63,0.913666248,0.913977527,-0.09028993,3.912023005
50,64,0.919390917,0.920217678,-0.084043875,3.912023005
50,65,0.913836479,0.914187176,-0.090103631,3.912023005
50,66,0.917973757,0.91834974,-0.085586476,3.912023005
50,67,0.915333986,0.915798117,-0.088466268,3.912023005
50,68,0.915304661,0.915551035,-0.088498306,3.912023005
50,69,0.915935993,0.916255039,-0.087808793,3.912023005
50,70,0.912409306,0.912697303,-0.091666589,3.912023005
50,71,0.910056829,0.910339492,-0.094248232,3.912023005
50,72,0.915883064,0.916271217,-0.087866582,3.912023005
50,73,0.918319225,0.91879998,-0.085210209,3.912023005
50,74,0.918744087,0.919249712,-0.084747664,3.912023005
50,75,0.962050438,0.962563681,-0.038688399,3.912023005
50,76,0.933361053,0.934043553,-0.068963172,3.912023005
50,77,0.924393892,0.924961622,-0.078617008,3.912023005
50,78,0.969583035,0.970761444,-0.030889161,3.912023005
50,79,0.95944047,0.959902591,-0.041405008,3.912023005
50,80,0.958009243,0.958364462,-0.042897853,3.912023005
50,81,0.959542036,0.959859322,-0.041299154,3.912023005
50,82,0.95318675,0.953806649,-0.047944434,3.912023005
50,83,0.971529722,0.972710924,-0.028883417,3.912023005
50,84,0.944474459,0.945076964,-0.057126634,3.912023005
50,85,0.94313097,0.943716711,-0.058550119,3.912023005
50,86,0.942989826,0.94343726,-0.058699785,3.912023005
50,87,0.950476885,0.950992593,-0.050791436,3.912023005
50,88,0.916061163,0.916499697,-0.087672145,3.912023005
50,89,0.915942907,0.916260563,-0.087801245,3.912023005
50,90,0.914255857,0.914613962,-0.089644816,3.912023005
50,91,0.92185998,0.922152156,-0.081361932,3.912023005
50,92,1.059188366,1.059430464,0.057502922,3.912023005
50,93,1.066704512,1.067045664,0.064574001,3.912023005
50,94,1.072760105,1.072979071,0.070234865,3.912023005
50,95,1.083411217,1.083651819,0.080114598,3.912023005
50,96,1.099539518,1.09978134,0.094891472,3.912023005
50,97,1.07269907,1.072921671,0.070177968,3.912023005
50,98,1.060795546,1.061085705,0.059019142,3.912023005
50,99,1.079796791,1.080082328,0.076772867,3.912023005
50,100,1.056936026,1.057276564,0.055374181,3.912023005
100,1,1.090793371,1.090183383,0.086905295,4.605170186
100,2,1.108740091,1.108872815,0.103224318,4.605170186
100,3,1.098286867,1.098506153,0.093751572,4.605170186
100,4,1.094001293,1.094304219,0.089841886,4.605170186
100,5,1.103002787,1.103262915,0.098036267,4.605170186
100,6,1.040500164,1.04085091,0.039701524,4.605170186
100,7,0.92117095,0.921372384,-0.082109646,4.605170186
100,8,0.922828197,0.923101944,-0.080312197,4.605170186
100,9,0.924308777,0.924671831,-0.078709089,4.605170186
100,10,0.924560308,0.925083019,-0.078436997,4.605170186
100,11,0.926681042,0.92728772,-0.076145848,4.605170186
100,12,0.926616907,0.927216893,-0.07621506,4.605170186
100,13,0.922037601,0.922389728,-0.081169274,4.605170186
100,14,0.921688795,0.922105817,-0.081547645,4.605170186
100,15,0.926236391,0.926781939,-0.076625795,4.605170186
100,16,0.926202774,0.926672923,-0.07666209,4.605170186
100,17,0.936074972,0.936896272,-0.066059707,4.605170186
100,18,0.92822504,0.92885516,-0.074481076,4.605170186
100,19,0.923000097,0.923548177,-0.080125939,4.605170186
100,20,0.929354429,0.930032551,-0.073265096,4.605170186
100,21,0.931488514,0.931842263,-0.07097142,4.605170186
100,22,0.941705465,0.942191838,-0.060062723,4.605170186
100,23,0.925719261,0.926166536,-0.077184264,4.605170186
100,24,0.932441473,0.9336511,-0.069948893,4.605170186
100,25,0.930426121,0.931258169,-0.072112603,4.605170186
100,26,0.929578066,0.929892167,-0.073024488,4.605170186
100,27,0.934966326,0.93620871,-0.067244765,4.605170186
100,28,0.953563929,0.955251544,-0.04754881,4.605170186
100,29,0.930216074,0.930670887,-0.072338382,4.605170186
100,30,0.930835962,0.931222387,-0.071672213,4.605170186
100,31,0.923853636,0.924187714,-0.079201622,4.605170186
100,32,0.921565771,0.921925501,-0.081681131,4.605170186
100,33,0.920672894,0.920978494,-0.08265047,4.605170186
100,34,0.92301178,0.923331222,-0.080113282,4.605170186
100,35,0.92163682,0.921893169,-0.081604038,4.605170186
100,36,0.922147751,0.922598062,-0.081049818,4.605170186
100,37,0.92896986,0.9292697,-0.073678984,4.605170186
100,38,0.926009893,0.92622414,-0.076870361,4.605170186
100,39,0.921878099,0.922226309,-0.081342278,4.605170186
100,40,0.926575422,0.926972129,-0.076259831,4.605170186
100,41,0.922573805,0.922869244,-0.080587901,4.605170186
100,42,0.923760414,0.924079371,-0.079302533,4.605170186
100,43,0.924002886,0.924259808,-0.079040084,4.605170186
100,44,0.921618462,0.921896735,-0.081623957,4.605170186
100,45,0.922407389,0.922711921,-0.080768299,4.605170186
100,46,0.920180559,0.920404232,-0.083185368,4.605170186
100,47,0.921275854,0.921733042,-0.081995772,4.605170186
100,48,0.922145605,0.922415356,-0.081052145,4.605170186
100,49,0.92166853,0.922068912,-0.081569632,4.605170186
100,50,0.923609972,0.923882714,-0.079465405,4.605170186
100,51,0.923169851,0.923561748,-0.079942041,4.605170186
100,52,0.924275875,0.92466312,-0.078744686,4.605170186
100,53,0.921379566,0.92168191,-0.081883204,4.605170186
100,54,0.922225237,0.922477625,-0.080965794,4.605170186
100,55,0.920569897,0.920798435,-0.082762347,4.605170186
100,56,0.928244352,0.928572286,-0.074460271,4.605170186
100,57,0.922048569,0.922330373,-0.081157379,4.605170186
100,58,0.924289942,0.924642852,-0.078729467,4.605170186
100,59,0.926321268,0.926758836,-0.076534163,4.605170186
100,60,0.938997984,0.939876681,-0.062941947,4.605170186
100,61,0.920112133,0.920484472,-0.083259733,4.605170186
100,62,0.922862291,0.923300469,-0.080275253,4.605170186
100,63,0.924766064,0.925182398,-0.078214477,4.605170186
100,64,0.921678782,0.921983808,-0.081558509,4.605170186
100,65,0.925541878,0.925959261,-0.077375899,4.605170186
100,66,0.920377254,0.920640921,-0.082971634,4.605170186
100,67,0.922352314,0.922666164,-0.080828009,4.605170186
100,68,0.924067497,0.924491073,-0.078970161,4.605170186
100,69,0.919914722,0.920223367,-0.083474307,4.605170186
100,70,0.947509527,0.947885867,-0.053918287,4.605170186
100,71,0.916102171,0.91636271,-0.08762738,4.605170186
100,72,0.915410757,0.915708524,-0.0883824,4.605170186
100,73,0.917206049,0.917636823,-0.086423133,4.605170186
100,74,0.914448977,0.914749643,-0.089433606,4.605170186
100,75,0.916220188,0.916578052,-0.087498563,4.605170186
100,76,0.933800459,0.934222577,-0.068492505,4.605170186
100,77,0.923001051,0.923296826,-0.080124906,4.605170186
100,78,0.918910742,0.919299296,-0.084566286,4.605170186
100,79,0.918080568,0.918367022,-0.085470128,4.605170186
100,80,0.922948599,0.923318719,-0.080181735,4.605170186
100,81,0.939704418,0.940150866,-0.062189902,4.605170186
100,82,0.937017441,0.937234224,-0.065053383,4.605170186
100,83,0.91850543,0.918799243,-0.085007463,4.605170186
100,84,0.916697502,0.917013804,-0.086977739,4.605170186
100,85,0.924128771,0.924358738,-0.078903854,4.605170186
100,86,0.921259403,0.921545528,-0.082013629,4.605170186
100,87,0.917821407,0.918119016,-0.085752453,4.605170186
100,88,0.92232728,0.922615307,-0.080855151,4.605170186
100,89,0.927051067,0.927287411,-0.075746626,4.605170186
100,90,0.947611094,0.947990288,-0.053811099,4.605170186
100,91,0.931221724,0.931533349,-0.071257873,4.605170186
100,92,0.929305792,0.929850968,-0.073317432,4.605170186
100,93,0.922489166,0.922709769,-0.080679647,4.605170186
100,94,0.927181005,0.927676625,-0.075606474,4.605170186
100,95,0.927813768,0.928162037,-0.074924247,4.605170186
100,96,0.924381018,0.924804015,-0.078630935,4.605170186
100,97,0.931680441,0.932003704,-0.070765398,4.605170186
100,98,0.943343639,0.944866407,-0.058324652,4.605170186
100,99,0.921155453,0.921584133,-0.08212647,4.605170186
100,100,0.924329758,0.924625492,-0.07868639,4.605170186
200,1,2.659806013,2.658547597,0.978253193,5.298317367
200,2,2.662616491,2.66405631,0.979309283,5.298317367
200,3,2.651545525,2.652427405,0.975142687,5.298317367
200,4,2.65643549,2.657499222,0.976985183,5.298317367
200,5,2.659203053,2.660150702,0.978026474,5.298317367
200,6,2.663367987,2.664430266,0.979591482,5.298317367
200,7,2.661134481,2.662164551,0.978752528,5.298317367
200,8,2.653083801,2.653749777,0.975722662,5.298317367
200,9,2.652425289,2.653280614,0.975474425,5.298317367
200,10,2.655771255,2.656531151,0.976735104,5.298317367
200,11,2.655706644,2.656625898,0.976710775,5.298317367
200,12,2.654977083,2.655726128,0.976436023,5.298317367
200,13,2.655949116,2.65660583,0.976802073,5.298317367
200,14,2.655550003,2.656441016,0.976651791,5.298317367
200,15,2.658181667,2.6588043,0.977642305,5.298317367
200,16,2.654927969,2.655654841,0.976417524,5.298317367
200,17,2.656422615,2.657108411,0.976980336,5.298317367
200,18,2.656502008,2.657175433,0.977010223,5.298317367
200,19,2.656284571,2.657093074,0.976928369,5.298317367
200,20,2.660079241,2.660712366,0.978355912,5.298317367
200,21,2.658796787,2.659437996,0.977873685,5.298317367
200,22,2.65847826,2.659200595,0.977753876,5.298317367
200,23,2.658839941,2.659526476,0.977889915,5.298317367
200,24,2.662635803,2.663533951,0.979316536,5.298317367
200,25,2.658337831,2.659208511,0.977701052,5.298317367
200,26,2.670832157,2.671894909,0.982390093,5.298317367
200,27,2.662566185,2.663255894,0.979290389,5.298317367
200,28,2.682212353,2.684530785,0.986641959,5.298317367
200,29,2.738765955,2.741816797,1.007507438,5.298317367
200,30,2.675067663,2.676407101,0.983974675,5.298317367
200,31,2.665365934,2.666354621,0.980341359,5.298317367
200,32,2.664705276,2.665751851,0.980093461,5.298317367
200,33,2.668754339,2.669722975,0.981611824,5.298317367
200,34,2.672228575,2.673265467,0.982912797,5.298317367
200,35,2.673528194,2.673739447,0.983399021,5.298317367
200,36,2.664092541,2.663888154,0.97986349,5.298317367
200,37,2.663493156,2.663404936,0.979638478,5.298317367
200,38,2.67220974,2.672307407,0.982905748,5.298317367
200,39,2.67034483,2.670477877,0.982207614,5.298317367
200,40,2.670041323,2.669964944,0.982093949,5.298317367
200,41,2.674283981,2.674549903,0.983681674,5.298317367
200,42,2.675032377,2.675239318,0.983961484,5.298317367
200,43,2.665713787,2.665775417,0.980471859,5.298317367
200,44,2.67163682,2.671683914,0.982691326,5.298317367
200,45,2.732173443,2.733587684,1.005097425,5.298317367
200,46,2.679174423,2.679462326,0.985508696,5.298317367
200,47,2.67312789,2.673226465,0.983249281,5.298317367
200,48,2.730644226,2.731416414,1.004537562,5.298317367
200,49,2.696440697,2.697449641,0.991932643,5.298317367
200,50,2.681278944,2.681650406,0.986293899,5.298317367
200,51,2.737255096,2.738213696,1.006955628,5.298317367
200,52,2.673346281,2.67319609,0.983330976,5.298317367
200,53,2.687390089,2.687506015,0.988570496,5.298317367
200,54,2.686292648,2.686472291,0.988162045,5.298317367
200,55,2.689844131,2.690344118,0.989483248,5.298317367
200,56,2.677991152,2.678104883,0.985066943,5.298317367
200,57,2.686911821,2.687125416,0.988392512,5.298317367
200,58,2.686954021,2.687804932,0.988408218,5.298317367
200,59,2.681476593,2.682281067,0.98636761,5.298317367
200,60,2.683341503,2.68440749,0.987062847,5.298317367
200,61,2.685110807,2.685509968,0.987721996,5.298317367
200,62,2.704761028,2.706076508,0.995013564,5.298317367
200,63,2.678623438,2.679031467,0.98530302,5.298317367
200,64,2.675505638,2.675915847,0.984138386,5.298317367
200,65,2.690756559,2.691563223,0.989822403,5.298317367
200,66,2.693954945,2.69443897,0.991010354,5.298317367
200,67,2.686325788,2.687145319,0.988174382,5.298317367
200,68,2.678075314,2.6785724,0.98509837,5.298317367
200,69,2.682257652,2.683067049,0.986658847,5.298317367
200,70,2.687532187,2.688134139,0.98862337,5.298317367
200,71,2.686693907,2.687167701,0.988311407,5.298317367
200,72,2.683973074,2.684622858,0.987298187,5.298317367
200,73,2.702927113,2.704034913,0.994335302,5.298317367
200,74,2.692593813,2.693144714,0.990504972,5.298317367
200,75,2.685017109,2.68507877,0.9876871,5.298317367
200,76,2.682828665,2.68301396,0.98687171,5.298317367
200,77,2.681186914,2.681413526,0.986259575,5.298317367
200,78,2.669601917,2.669448356,0.981929367,5.298317367
200,79,2.670807362,2.670562047,0.982380809,5.298317367
200,80,2.669460297,2.669236925,0.981876316,5.298317367
200,81,2.670702219,2.670516947,0.982341441,5.298317367
200,82,2.672268867,2.671957047,0.982927874,5.298317367
200,83,2.670674801,2.670468131,0.982331175,5.298317367
200,84,2.669284821,2.66911666,0.981810579,5.298317367
200,85,2.671434164,2.671196013,0.982615468,5.298317367
200,86,2.672703266,2.672548689,0.983090419,5.298317367
200,87,2.673052073,2.67282999,0.983220918,5.298317367
200,88,2.667774916,2.66756295,0.98124476,5.298317367
200,89,2.667934656,2.667691145,0.981304636,5.298317367
200,90,2.671871662,2.67183008,0.982779224,5.298317367
200,91,2.672257423,2.672063013,0.982923592,5.298317367
200,92,2.675929546,2.676145885,0.984296814,5.298317367
200,93,2.668548107,2.66935828,0.981534544,5.298317367
200,94,2.679547548,2.680221484,0.985647955,5.298317367
200,95,2.681517363,2.682102285,0.986382815,5.298317367
200,96,2.676244259,2.676643491,0.984414416,5.298317367
200,97,2.668124199,2.667721713,0.981375678,5.298317367
200,98,2.66755271,2.667335742,0.981161464,5.298317367
200,99,2.667729616,2.667261801,0.98122778,5.298317367
200,100,2.669553518,2.669228147,0.981911237,5.298317367
300,1,6.746714592,6.744499867,1.909055659,5.703782475
300,2,6.755854368,6.754849923,1.910409443,5.703782475
300,3,6.760564089,6.759668179,1.911106332,5.703782475
300,4,6.755656481,6.75488144,1.910380151,5.703782475
300,5,6.765780687,6.765000882,1.911877656,5.703782475
300,6,6.756402254,6.755489303,1.910490537,5.703782475
300,7,6.76453352,6.763819385,1.911693304,5.703782475
300,8,6.753421545,6.752619741,1.910049272,5.703782475
300,9,6.759599447,6.758694174,1.910963635,5.703782475
300,10,6.757278681,6.755914947,1.910620247,5.703782475
300,11,6.758368015,6.758920479,1.910781443,5.703782475
300,12,6.76995635,6.769705801,1.912494639,5.703782475
300,13,6.763854504,6.76373547,1.91159292,5.703782475
300,14,6.767153502,6.766781586,1.912080541,5.703782475
300,15,6.763991833,6.763872845,1.911613224,5.703782475
300,16,6.765048504,6.76485338,1.911769431,5.703782475
300,17,6.767052174,6.766591475,1.912065567,5.703782475
300,18,6.777645826,6.776450066,1.913629818,5.703782475
300,19,6.780326366,6.780037321,1.914025237,5.703782475
300,20,6.778482199,6.77796246,1.913753212,5.703782475
300,21,6.786466122,6.78625758,1.914930353,5.703782475
300,22,6.783707857,6.783644165,1.914523834,5.703782475
300,23,6.782723904,6.782269065,1.914378777,5.703782475
300,24,6.787237167,6.787934385,1.915043961,5.703782475
300,25,6.792114973,6.794123798,1.915762377,5.703782475
300,26,6.785414934,6.785943833,1.914775446,5.703782475
300,27,6.778929234,6.778653377,1.913819159,5.703782475
300,28,6.783651352,6.783492522,1.914515504,5.703782475
300,29,6.786989927,6.786774464,1.915007534,5.703782475
300,30,6.816606522,6.817462855,1.919361771,5.703782475
300,31,6.813779593,6.814183938,1.918946973,5.703782475
300,32,6.832677603,6.83391429,1.921716632,5.703782475
300,33,6.809717417,6.810196581,1.918350624,5.703782475
300,34,6.834736347,6.835570393,1.922017895,5.703782475
300,35,6.793971539,6.793971409,1.916035681,5.703782475
300,36,6.796280384,6.796403609,1.91637546,5.703782475
300,37,6.800901413,6.800493321,1.917055164,5.703782475
300,38,6.788756609,6.790334472,1.915267804,5.703782475
300,39,6.794705391,6.795031834,1.91614369,5.703782475
300,40,6.847886086,6.850254482,1.923940004,5.703782475
300,41,6.781610489,6.781903653,1.914214609,5.703782475
300,42,6.794142723,6.794557767,1.916060877,5.703782475
300,43,6.783183098,6.783688382,1.914446475,5.703782475
300,44,6.808082819,6.808082795,1.918110556,5.703782475
300,45,6.808468819,6.808366101,1.918167252,5.703782475
300,46,6.792403698,6.792727945,1.915804885,5.703782475
300,47,6.822030067,6.82309818,1.920157091,5.703782475
300,48,6.819852352,6.820892455,1.919837822,5.703782475
300,49,6.823103905,6.823931549,1.920314486,5.703782475
300,50,6.804355621,6.805074742,1.91756294,5.703782475
300,51,6.827251673,6.829904337,1.920922202,5.703782475
300,52,6.855554819,6.859664247,1.925059246,5.703782475
300,53,6.813717365,6.814959577,1.91893784,5.703782475
300,54,6.860164881,6.863175741,1.925731477,5.703782475
300,55,6.838841438,6.840252394,1.922618337,5.703782475
300,56,6.802511215,6.802758478,1.91729184,5.703782475
300,57,6.820276022,6.821199719,1.919899943,5.703782475
300,58,6.80126524,6.801700619,1.91710866,5.703782475
300,59,6.863651752,6.865557399,1.926239625,5.703782475
300,60,6.880582094,6.882559737,1.928703255,5.703782475
300,61,6.829970837,6.831405026,1.921320404,5.703782475
300,62,6.854562759,6.857195086,1.924914527,5.703782475
300,63,6.886302471,6.887456665,1.929534289,5.703782475
300,64,6.846428394,7.864373242,1.923727114,5.703782475
300,65,6.800200939,6.800937924,1.916952162,5.703782475
300,66,6.922394514,6.926900499,1.934761738,5.703782475
300,67,7.133598328,7.148777495,1.964815781,5.703782475
300,68,6.87142539,6.876052079,1.927371565,5.703782475
300,69,6.847546101,6.851753509,1.923890355,5.703782475
300,70,6.841876507,6.845488446,1.923062037,5.703782475
300,71,6.879272699,6.884684279,1.928512934,5.703782475
300,72,6.871062279,6.876551376,1.92731872,5.703782475
300,73,6.837509394,6.842670137,1.922423542,5.703782475
300,74,6.926752806,6.935058662,1.935391133,5.703782475
300,75,7.086226225,7.099617828,1.958152932,5.703782475
300,76,6.907019138,6.913778793,1.932538161,5.703782475
300,77,6.829402924,6.832355043,1.92123725,5.703782475
300,78,6.847210169,6.852701101,1.923841295,5.703782475
300,79,6.875724792,6.880203552,1.927997062,5.703782475
300,80,6.805173874,6.805239757,1.917683187,5.703782475
300,81,6.791393995,6.791042273,1.915656222,5.703782475
300,82,6.85706687,6.858329285,1.92527978,5.703782475
300,83,6.836526394,6.837516384,1.922279766,5.703782475
300,84,6.807615995,6.807058204,1.918041985,5.703782475
300,85,6.822823286,6.823038631,1.920273358,5.703782475
300,86,6.792799234,6.792651002,1.915863115,5.703782475
300,87,6.797011375,6.796420682,1.916483012,5.703782475
300,88,6.807680845,6.807261499,1.918051511,5.703782475
300,89,6.838402271,6.837199219,1.922554118,5.703782475
300,90,7.692978382,8.05905261,2.040308014,5.703782475
300,91,6.788268805,6.788805547,1.915195947,5.703782475
300,92,6.798565388,6.798624297,1.916711618,5.703782475
300,93,6.798014879,6.797555598,1.91663064,5.703782475
300,94,6.777082682,6.777155125,1.913546726,5.703782475
300,95,6.781393766,6.781000113,1.914182651,5.703782475
300,96,6.783507109,6.783690455,1.914494241,5.703782475
300,97,6.795089006,6.794065229,1.916200146,5.703782475
300,98,6.803651094,6.802758533,1.917459394,5.703782475
300,99,6.795017958,6.794297937,1.91618969,5.703782475
300,100,6.807718992,6.807453502,1.918057114,5.703782475
400,1,14.11058998,14.10454428,2.646925578,5.991464547
400,2,14.10411215,14.10397751,2.646466397,5.991464547
400,3,14.15733075,14.15846828,2.650232564,5.991464547
400,4,14.12052417,14.11866596,2.647629354,5.991464547
400,5,14.1031549,14.1013354,2.646398524,5.991464547
400,6,14.10961151,14.10770641,2.646856233,5.991464547
400,7,14.1186595,14.11668358,2.647497291,5.991464547
400,8,14.16316295,14.16113318,2.650644435,5.991464547
400,9,14.1043129,14.10361576,2.64648063,5.991464547
400,10,14.09627962,14.09592131,2.645910906,5.991464547
400,11,14.13138008,14.13097,2.648397862,5.991464547
400,12,14.10902643,14.10756608,2.646814765,5.991464547
400,13,14.142416,14.14059851,2.649178509,5.991464547
400,14,14.16893578,14.16745552,2.651051947,5.991464547
400,15,14.11859703,14.11916904,2.647492867,5.991464547
400,16,14.14550304,14.14588278,2.649396767,5.991464547
400,17,14.11051536,14.1088544,2.64692029,5.991464547
400,18,14.11142111,14.10994399,2.646984477,5.991464547
400,19,14.09929228,14.09783729,2.646124603,5.991464547
400,20,14.10276866,14.10146446,2.646371137,5.991464547
400,21,14.1276021,14.12552598,2.64813048,5.991464547
400,22,14.31711698,14.32680325,2.661455813,5.991464547
400,23,14.23673415,14.24194483,2.655825536,5.991464547
400,24,14.27472448,14.28006195,2.658490454,5.991464547
400,25,14.30991054,14.31463761,2.660952342,5.991464547
400,26,14.23155403,14.23470909,2.655461614,5.991464547
400,27,14.23459959,14.23680948,2.655675592,5.991464547
400,28,14.20739818,14.21369584,2.653762828,5.991464547
400,29,14.16165638,14.1635654,2.650538057,5.991464547
400,30,14.12517643,14.12491233,2.647958768,5.991464547
400,31,14.18149209,14.18173569,2.651937741,5.991464547
400,32,14.12666392,14.1264454,2.64806407,5.991464547
400,33,14.14689589,14.1462992,2.649495228,5.991464547
400,34,14.17913675,14.18089888,2.651771641,5.991464547
400,35,14.20390821,14.20576122,2.653517153,5.991464547
400,36,14.16252756,14.16394745,2.650599572,5.991464547
400,37,14.16738009,14.16956339,2.650942145,5.991464547
400,38,14.18508625,14.19004339,2.652191149,5.991464547
400,39,14.20329618,14.20833083,2.653474063,5.991464547
400,40,14.17270088,14.17621439,2.651317641,5.991464547
400,41,14.20974946,14.21759114,2.653928311,5.991464547
400,42,14.1581955,14.16219333,2.650293644,5.991464547
400,43,14.20584178,14.21084335,2.653653273,5.991464547
400,44,14.15819478,14.16149475,2.650293593,5.991464547
400,45,14.13101172,14.13390357,2.648371795,5.991464547
400,46,14.13593936,14.13841193,2.648720445,5.991464547
400,47,14.1712451,14.17418103,2.651214919,5.991464547
400,48,14.25847507,14.2628975,2.657351472,5.991464547
400,49,14.14859509,14.14984037,2.649615332,5.991464547
400,50,14.28177905,14.28693976,2.658984532,5.991464547
400,51,14.27879333,14.27904931,2.658775453,5.991464547
400,52,14.14939952,14.14986103,2.649672186,5.991464547
400,53,14.14033866,14.14087218,2.649031611,5.991464547
400,54,14.16593242,14.16954358,2.650839957,5.991464547
400,55,14.11260056,14.11286012,2.647068055,5.991464547
400,56,14.11588764,14.1156992,2.647300946,5.991464547
400,57,14.15572262,14.15551768,2.650118968,5.991464547
400,58,14.11649013,14.11654237,2.647343627,5.991464547
400,59,14.14459705,14.14413622,2.649332717,5.991464547
400,60,14.12539554,14.12560092,2.647974279,5.991464547
400,61,14.13662314,14.13777985,2.648768816,5.991464547
400,62,14.12649918,14.12763328,2.648052408,5.991464547
400,63,14.11087656,14.11152094,2.646945887,5.991464547
400,64,14.1589458,14.16121778,2.650346636,5.991464547
400,65,14.20631361,14.21193456,2.653686486,5.991464547
400,66,14.18449664,14.18873205,2.652149582,5.991464547
400,67,14.14834118,14.15273277,2.649597386,5.991464547
400,68,14.13580608,14.1360808,2.648711017,5.991464547
400,69,14.12227368,14.12189993,2.647753245,5.991464547
400,70,14.10624838,14.10524548,2.646617847,5.991464547
400,71,14.11034966,14.10893602,2.646908547,5.991464547
400,72,14.14783955,14.14641062,2.64956193,5.991464547
400,73,14.13145232,14.13113498,2.648402974,5.991464547
400,74,14.13063264,14.13158152,2.648344969,5.991464547
400,75,14.12449384,14.12566659,2.647910442,5.991464547
400,76,14.12381911,14.12438428,2.647862671,5.991464547
400,77,14.12616205,14.12574598,2.648028543,5.991464547
400,78,14.1326046,14.13283775,2.648484511,5.991464547
400,79,14.15650964,14.15698114,2.650174564,5.991464547
400,80,14.12682915,14.12895622,2.648075766,5.991464547
400,81,14.10863352,14.10844821,2.646786916,5.991464547
400,82,14.121207,14.12089228,2.64767771,5.991464547
400,83,14.12245369,14.12245283,2.647765991,5.991464547
400,84,14.11966848,14.11941699,2.647568753,5.991464547
400,85,14.1273427,14.12687451,2.648112118,5.991464547
400,86,14.13790393,14.13844382,2.648859413,5.991464547
400,87,14.31812119,14.32813953,2.661525951,5.991464547
400,88,14.19091535,14.1971257,2.652601996,5.991464547
400,89,14.15225101,14.15646591,2.649873693,5.991464547
400,90,14.22517991,14.22973864,2.655013627,5.991464547
400,91,14.16371989,14.16417692,2.650683758,5.991464547
400,92,14.20043921,14.20164018,2.653272894,5.991464547
400,93,14.19765234,14.20375057,2.653076623,5.991464547
400,94,14.15286756,14.15301612,2.649917258,5.991464547
400,95,14.18490171,14.18532275,2.652178139,5.991464547
400,96,14.12878203,14.12834901,2.648213996,5.991464547
400,97,14.14976978,14.14809454,2.649698354,5.991464547
400,98,14.14670563,14.1467013,2.649481779,5.991464547
400,99,14.14465594,14.14491706,2.649336881,5.991464547
400,100,14.13879275,14.13814852,2.648922278,5.991464547
