a,b,c,size,symbol,opacity,fill,stroke,title
2.5,49.1,48.3,120,circle,1,#fee6ce,#fee6ce,AT1
1.1,46.2,52.7,120,circle,1,#fdae6b,#fdae6b,AT2
5.5,48.4,46.1,120,circle,1,#fd8d3c,#fd8d3c,AT3
4.4,45.5,50.2,120,circle,1,#d94801,#d94801,AT4
0,78,22,120,circle,1,#a63603,#a63603,AT5
5.9,41.6,52.5,120,square,1,#edf8b1,#edf8b1,NE1
0,57.3,42.6,120,square,1,#7fcdbb,#7fcdbb,NE2
10.5,31.1,58.4,120,square,1,#1d91c0,#1d91c0,NE3
3,47.8,49.2,120,square,1,#253494,#253494,NE4
6.4,43.7,49.8,120,triangle,1,#fcc5c0,#fcc5c0,NG1
2.4,47,50.5,120,triangle,1,#f768a1,#f768a1,NG2
2.4,46.2,51.5,120,triangle,1,#ae017e,#ae017e,NG3