proteina,posicion sec,disenador,nombre,RMSD_S
1msl,0,pmnn,1msl_0_pmnn,4.167886326618506
1msl,1,pmnn,1msl_1_pmnn,2.255198301743771
1msl,2,pmnn,1msl_2_pmnn,1.4293378855291157
1msl,3,pmnn,1msl_3_pmnn,3.028764192690754
1msl,4,pmnn,1msl_4_pmnn,1.3256132821830091
1msl,5,pmnn,1msl_5_pmnn,2.911505628826077
1msl,6,pmnn,1msl_6_pmnn,1.2652791287168028
1msl,7,pmnn,1msl_7_pmnn,1.4281842331459058
1msl,8,pmnn,1msl_8_pmnn,1.369035006597326
1msl,9,pmnn,1msl_9_pmnn,1.4628965102947278
1msl,10,pmnn,1msl_10_pmnn,1.3700000232192235
1msl,11,pmnn,1msl_11_pmnn,2.58735034733045
1msl,12,pmnn,1msl_12_pmnn,2.382548644530049
1msl,13,pmnn,1msl_13_pmnn,1.329721824759803
1msl,14,pmnn,1msl_14_pmnn,1.0481108776847912
1msl,15,pmnn,1msl_15_pmnn,3.345666639103449
1msl,16,pmnn,1msl_16_pmnn,1.3953892205326928
1msl,17,pmnn,1msl_17_pmnn,2.801214203888344
1msl,18,pmnn,1msl_18_pmnn,4.138201284505164
1msl,19,pmnn,1msl_19_pmnn,1.4698644067187716
1msl,20,pmnn,1msl_20_pmnn,1.3842914955093049
1msl,21,pmnn,1msl_21_pmnn,1.3747829304445638
1msl,22,pmnn,1msl_22_pmnn,1.1247974495981388
1msl,23,pmnn,1msl_23_pmnn,1.2969275161343932
1msl,24,pmnn,1msl_24_pmnn,1.3288742744336093
1msl,25,pmnn,1msl_25_pmnn,1.2557418027284497
1msl,26,pmnn,1msl_26_pmnn,4.133989473787697
1msl,27,pmnn,1msl_27_pmnn,3.697638244176704
1msl,28,pmnn,1msl_28_pmnn,3.3312661754858777
1msl,29,pmnn,1msl_29_pmnn,1.460827538289662
1msl,30,pmnn,1msl_30_pmnn,1.279322997158956
1msl,31,pmnn,1msl_31_pmnn,1.30571632657904
1msl,32,pmnn,1msl_32_pmnn,1.8654009058421928
1msl,33,pmnn,1msl_33_pmnn,1.3502366772940273
1msl,34,pmnn,1msl_34_pmnn,1.3524048715333634
1msl,35,pmnn,1msl_35_pmnn,1.4356723629634982
1msl,36,pmnn,1msl_36_pmnn,1.3121767402868552
1msl,37,pmnn,1msl_37_pmnn,3.031548082305407
1msl,38,pmnn,1msl_38_pmnn,0.994057322711208
1msl,39,pmnn,1msl_39_pmnn,1.308850295191022
1msl,40,pmnn,1msl_40_pmnn,1.3576356031936905
1msl,41,pmnn,1msl_41_pmnn,1.4420196321620398
1msl,42,pmnn,1msl_42_pmnn,1.3623984513854444
1msl,43,pmnn,1msl_43_pmnn,1.342199836055507
1msl,44,pmnn,1msl_44_pmnn,1.3854032338956357
1msl,45,pmnn,1msl_45_pmnn,2.4609866505715097
1msl,46,pmnn,1msl_46_pmnn,1.390987982268913
1msl,47,pmnn,1msl_47_pmnn,2.640919204363864
1msl,48,pmnn,1msl_48_pmnn,2.982230045322871
1msl,49,pmnn,1msl_49_pmnn,1.341072658283232
3clq,0,pmnn,3clq_0_pmnn,0.4525170208648257
3clq,1,pmnn,3clq_1_pmnn,2.092215214890913
3clq,2,pmnn,3clq_2_pmnn,2.789387007239067
3clq,3,pmnn,3clq_3_pmnn,0.6663905252770201
3clq,4,pmnn,3clq_4_pmnn,2.205838473575465
3clq,5,pmnn,3clq_5_pmnn,0.4922964627752605
3clq,6,pmnn,3clq_6_pmnn,1.8093223939071144
3clq,7,pmnn,3clq_7_pmnn,0.6113144792445886
3clq,8,pmnn,3clq_8_pmnn,2.636968550745947
3clq,9,pmnn,3clq_9_pmnn,0.5127689193137339
3clq,10,pmnn,3clq_10_pmnn,1.855796687153425
3clq,11,pmnn,3clq_11_pmnn,2.1311968038861475
3clq,12,pmnn,3clq_12_pmnn,0.5109056873826774
3clq,13,pmnn,3clq_13_pmnn,5.336274340388911
3clq,14,pmnn,3clq_14_pmnn,4.4130479133019325
3clq,15,pmnn,3clq_15_pmnn,0.4936241441645191
3clq,16,pmnn,3clq_16_pmnn,0.5199165297585799
3clq,17,pmnn,3clq_17_pmnn,0.5376600232948974
3clq,18,pmnn,3clq_18_pmnn,2.0934854700069754
3clq,19,pmnn,3clq_19_pmnn,0.948744221764643
3clq,20,pmnn,3clq_20_pmnn,0.5074197170444744
3clq,21,pmnn,3clq_21_pmnn,2.277291403638314
3clq,22,pmnn,3clq_22_pmnn,4.42561338666931
3clq,23,pmnn,3clq_23_pmnn,0.6096938084005412
3clq,24,pmnn,3clq_24_pmnn,2.6253981350271234
3clq,25,pmnn,3clq_25_pmnn,0.5029489619575845
3clq,26,pmnn,3clq_26_pmnn,2.1263078347131006
3clq,27,pmnn,3clq_27_pmnn,5.06766367400793
3clq,28,pmnn,3clq_28_pmnn,4.736320839673404
3clq,29,pmnn,3clq_29_pmnn,1.9566777324811613
3clq,30,pmnn,3clq_30_pmnn,7.639597624941052
3clq,31,pmnn,3clq_31_pmnn,4.378285568903831
3clq,32,pmnn,3clq_32_pmnn,0.6512156800728994
3clq,33,pmnn,3clq_33_pmnn,2.6105920220107306
3clq,34,pmnn,3clq_34_pmnn,0.7561762913552371
3clq,35,pmnn,3clq_35_pmnn,5.662253213182479
3clq,36,pmnn,3clq_36_pmnn,0.5361456429692357
3clq,37,pmnn,3clq_37_pmnn,1.8198114569578232
3clq,38,pmnn,3clq_38_pmnn,0.5050964922871962
3clq,39,pmnn,3clq_39_pmnn,0.6024818960971614
3clq,40,pmnn,3clq_40_pmnn,2.231646735208764
3clq,41,pmnn,3clq_41_pmnn,0.5099860989789167
3clq,42,pmnn,3clq_42_pmnn,4.118656082755988
3clq,43,pmnn,3clq_43_pmnn,1.4835884200425933
3clq,44,pmnn,3clq_44_pmnn,3.462881261443912
3clq,45,pmnn,3clq_45_pmnn,2.1250571686913555
3clq,46,pmnn,3clq_46_pmnn,0.8498731564415072
3clq,47,pmnn,3clq_47_pmnn,0.5736916316037902
3clq,48,pmnn,3clq_48_pmnn,0.7405680167368691
3clq,49,pmnn,3clq_49_pmnn,6.096721303570395
1r5l,0,pmnn,1r5l_0_pmnn,6.118984584967854
1r5l,1,pmnn,1r5l_1_pmnn,7.256093413256719
1r5l,2,pmnn,1r5l_2_pmnn,4.8543895140918325
1r5l,3,pmnn,1r5l_3_pmnn,3.5809245211861547
1r5l,4,pmnn,1r5l_4_pmnn,5.6279207911661855
1r5l,5,pmnn,1r5l_5_pmnn,6.719874012689469
1r5l,6,pmnn,1r5l_6_pmnn,4.764451005924824
1r5l,7,pmnn,1r5l_7_pmnn,4.97729338624097
1r5l,8,pmnn,1r5l_8_pmnn,4.464389977100465
1r5l,9,pmnn,1r5l_9_pmnn,3.967727040695484
1r5l,10,pmnn,1r5l_10_pmnn,3.44540801431284
1r5l,11,pmnn,1r5l_11_pmnn,5.956010713470709
1r5l,12,pmnn,1r5l_12_pmnn,4.044531482649614
1r5l,13,pmnn,1r5l_13_pmnn,6.118979701509372
1r5l,14,pmnn,1r5l_14_pmnn,6.932621905922645
1r5l,15,pmnn,1r5l_15_pmnn,3.7284985730577422
1r5l,16,pmnn,1r5l_16_pmnn,6.250314872439522
1r5l,17,pmnn,1r5l_17_pmnn,4.380880447452664
1r5l,18,pmnn,1r5l_18_pmnn,7.11333191022826
1r5l,19,pmnn,1r5l_19_pmnn,4.192073317432612
1r5l,20,pmnn,1r5l_20_pmnn,6.894894938471877
1r5l,21,pmnn,1r5l_21_pmnn,3.6918517216325855
1r5l,22,pmnn,1r5l_22_pmnn,3.183822644826135
1r5l,23,pmnn,1r5l_23_pmnn,6.449203647077511
1r5l,24,pmnn,1r5l_24_pmnn,5.53945200940067
1r5l,25,pmnn,1r5l_25_pmnn,6.930614163191922
1r5l,26,pmnn,1r5l_26_pmnn,4.97426533602079
1r5l,27,pmnn,1r5l_27_pmnn,3.456942935253764
1r5l,28,pmnn,1r5l_28_pmnn,4.073110954678389
1r5l,29,pmnn,1r5l_29_pmnn,4.196689069676513
1r5l,30,pmnn,1r5l_30_pmnn,5.336228077815832
1r5l,31,pmnn,1r5l_31_pmnn,3.1585332587449995
1r5l,32,pmnn,1r5l_32_pmnn,5.94334968317892
1r5l,33,pmnn,1r5l_33_pmnn,6.745319693576776
1r5l,34,pmnn,1r5l_34_pmnn,6.390609320859943
1r5l,35,pmnn,1r5l_35_pmnn,5.522719719060186
1r5l,36,pmnn,1r5l_36_pmnn,6.05155530542218
1r5l,37,pmnn,1r5l_37_pmnn,4.459822594345961
1r5l,38,pmnn,1r5l_38_pmnn,3.23975694851469
1r5l,39,pmnn,1r5l_39_pmnn,3.5617500095734704
1r5l,40,pmnn,1r5l_40_pmnn,6.594825500231174
1r5l,41,pmnn,1r5l_41_pmnn,7.1535835018064695
1r5l,42,pmnn,1r5l_42_pmnn,4.833436600908302
1r5l,43,pmnn,1r5l_43_pmnn,4.91668157198096
1r5l,44,pmnn,1r5l_44_pmnn,6.337272376111563
1r5l,45,pmnn,1r5l_45_pmnn,6.660088415313149
1r5l,46,pmnn,1r5l_46_pmnn,3.227511454669493
1r5l,47,pmnn,1r5l_47_pmnn,3.6975086484940745
1r5l,48,pmnn,1r5l_48_pmnn,6.891460729594911
1r5l,49,pmnn,1r5l_49_pmnn,5.812505797243133
2lkm,0,pmnn,2lkm_0_pmnn,1.2419411333426067
2lkm,1,pmnn,2lkm_1_pmnn,2.115461198400458
2lkm,2,pmnn,2lkm_2_pmnn,3.566771852334406
2lkm,3,pmnn,2lkm_3_pmnn,0.5740040976676566
2lkm,4,pmnn,2lkm_4_pmnn,3.148932593298964
2lkm,5,pmnn,2lkm_5_pmnn,1.5830418148099596
2lkm,6,pmnn,2lkm_6_pmnn,1.262314916295457
2lkm,7,pmnn,2lkm_7_pmnn,1.13362438519137
2lkm,8,pmnn,2lkm_8_pmnn,3.423339432024992
2lkm,9,pmnn,2lkm_9_pmnn,2.8258604765700737
2lkm,10,pmnn,2lkm_10_pmnn,6.946173893216081
2lkm,11,pmnn,2lkm_11_pmnn,1.384622542248671
2lkm,12,pmnn,2lkm_12_pmnn,4.256217105102745
2lkm,13,pmnn,2lkm_13_pmnn,4.400074195236256
2lkm,14,pmnn,2lkm_14_pmnn,1.41195196891908
2lkm,15,pmnn,2lkm_15_pmnn,0.5022165869147838
2lkm,16,pmnn,2lkm_16_pmnn,1.243860549817297
2lkm,17,pmnn,2lkm_17_pmnn,0.5432341093065438
2lkm,18,pmnn,2lkm_18_pmnn,7.125201085641608
2lkm,19,pmnn,2lkm_19_pmnn,0.987645071966738
2lkm,20,pmnn,2lkm_20_pmnn,0.8611286487478428
2lkm,21,pmnn,2lkm_21_pmnn,5.913258217369636
2lkm,22,pmnn,2lkm_22_pmnn,0.8120688507069254
2lkm,23,pmnn,2lkm_23_pmnn,2.229351263248123
2lkm,24,pmnn,2lkm_24_pmnn,2.748751086429812
2lkm,25,pmnn,2lkm_25_pmnn,1.0424296550503371
2lkm,26,pmnn,2lkm_26_pmnn,3.265245762929156
2lkm,27,pmnn,2lkm_27_pmnn,1.1474212998668538
2lkm,28,pmnn,2lkm_28_pmnn,1.4525551882165235
2lkm,29,pmnn,2lkm_29_pmnn,0.7651068776382208
2lkm,30,pmnn,2lkm_30_pmnn,3.6431615516543054
2lkm,31,pmnn,2lkm_31_pmnn,5.375469098579691
2lkm,32,pmnn,2lkm_32_pmnn,3.720486728017016
2lkm,33,pmnn,2lkm_33_pmnn,0.8148437114464065
2lkm,34,pmnn,2lkm_34_pmnn,0.9487457759207036
2lkm,35,pmnn,2lkm_35_pmnn,3.068691392674592
2lkm,36,pmnn,2lkm_36_pmnn,1.3048460871731504
2lkm,37,pmnn,2lkm_37_pmnn,0.7952731398851559
2lkm,38,pmnn,2lkm_38_pmnn,1.4902386852399407
2lkm,39,pmnn,2lkm_39_pmnn,6.059689214309875
2lkm,40,pmnn,2lkm_40_pmnn,1.1983557141255707
2lkm,41,pmnn,2lkm_41_pmnn,0.6344579442907895
2lkm,42,pmnn,2lkm_42_pmnn,5.088941239120036
2lkm,43,pmnn,2lkm_43_pmnn,1.698839489109893
2lkm,44,pmnn,2lkm_44_pmnn,0.7890899822268136
2lkm,45,pmnn,2lkm_45_pmnn,4.422438248462718
2lkm,46,pmnn,2lkm_46_pmnn,3.0657794699146232
2lkm,47,pmnn,2lkm_47_pmnn,1.1000926524426191
2lkm,48,pmnn,2lkm_48_pmnn,0.7416564127794599
2lkm,49,pmnn,2lkm_49_pmnn,1.1494283077103264
2oar,0,pmnn,2oar_0_pmnn,1.2548798480515098
2oar,1,pmnn,2oar_1_pmnn,0.3451639866837336
2oar,2,pmnn,2oar_2_pmnn,0.3711569197894164
2oar,3,pmnn,2oar_3_pmnn,0.3582973664824532
2oar,4,pmnn,2oar_4_pmnn,0.3600293590029111
2oar,5,pmnn,2oar_5_pmnn,0.3576973491454107
2oar,6,pmnn,2oar_6_pmnn,2.826802258979303
2oar,7,pmnn,2oar_7_pmnn,0.3912250106801771
2oar,8,pmnn,2oar_8_pmnn,0.4288904559714848
2oar,9,pmnn,2oar_9_pmnn,0.3853642433591026
2oar,10,pmnn,2oar_10_pmnn,0.4072751363207371
2oar,11,pmnn,2oar_11_pmnn,0.5470393599028202
2oar,12,pmnn,2oar_12_pmnn,0.3721511562168187
2oar,13,pmnn,2oar_13_pmnn,0.3609745302916934
2oar,14,pmnn,2oar_14_pmnn,0.3756056760880452
2oar,15,pmnn,2oar_15_pmnn,0.369300563059326
2oar,16,pmnn,2oar_16_pmnn,0.3753165283599768
2oar,17,pmnn,2oar_17_pmnn,0.3667174901180309
2oar,18,pmnn,2oar_18_pmnn,0.3511904948616738
2oar,19,pmnn,2oar_19_pmnn,0.4279788310308789
2oar,20,pmnn,2oar_20_pmnn,0.345033356232114
2oar,21,pmnn,2oar_21_pmnn,0.3583560288130838
2oar,22,pmnn,2oar_22_pmnn,0.3525385702004491
2oar,23,pmnn,2oar_23_pmnn,2.758201725488127
2oar,24,pmnn,2oar_24_pmnn,0.3643083764394005
2oar,25,pmnn,2oar_25_pmnn,0.3444667422488546
2oar,26,pmnn,2oar_26_pmnn,0.3909436171861109
2oar,27,pmnn,2oar_27_pmnn,0.3817842763355394
2oar,28,pmnn,2oar_28_pmnn,0.3502105998900663
2oar,29,pmnn,2oar_29_pmnn,0.3278649846637885
2oar,30,pmnn,2oar_30_pmnn,0.3475258223899551
2oar,31,pmnn,2oar_31_pmnn,0.4776164056136939
2oar,32,pmnn,2oar_32_pmnn,0.3276438136689888
2oar,33,pmnn,2oar_33_pmnn,0.5004466039744375
2oar,34,pmnn,2oar_34_pmnn,0.3518115563910922
2oar,35,pmnn,2oar_35_pmnn,0.4122129065128144
2oar,36,pmnn,2oar_36_pmnn,0.4584818737872035
2oar,37,pmnn,2oar_37_pmnn,0.3519773939760646
2oar,38,pmnn,2oar_38_pmnn,0.5080179204629036
2oar,39,pmnn,2oar_39_pmnn,0.3530703329041841
2oar,40,pmnn,2oar_40_pmnn,1.6771646446704649
2oar,41,pmnn,2oar_41_pmnn,4.07919347735494
2oar,42,pmnn,2oar_42_pmnn,0.4735544633806751
2oar,43,pmnn,2oar_43_pmnn,0.364142635071322
2oar,44,pmnn,2oar_44_pmnn,0.4051412105799988
2oar,45,pmnn,2oar_45_pmnn,4.367589235820226
2oar,46,pmnn,2oar_46_pmnn,2.433590165456978
2oar,47,pmnn,2oar_47_pmnn,0.3770587172153208
2oar,48,pmnn,2oar_48_pmnn,0.3606551217601195
2oar,49,pmnn,2oar_49_pmnn,0.387268414685319
2qiw,0,pmnn,2qiw_0_pmnn,0.7626361465358887
2qiw,1,pmnn,2qiw_1_pmnn,0.8449684996600771
2qiw,2,pmnn,2qiw_2_pmnn,0.8931562218219906
2qiw,3,pmnn,2qiw_3_pmnn,1.3115701273555285
2qiw,4,pmnn,2qiw_4_pmnn,0.8314078606421916
2qiw,5,pmnn,2qiw_5_pmnn,0.9073546197500548
2qiw,6,pmnn,2qiw_6_pmnn,1.783931232340647
2qiw,7,pmnn,2qiw_7_pmnn,0.9383345252593492
2qiw,8,pmnn,2qiw_8_pmnn,0.9542726349895028
2qiw,9,pmnn,2qiw_9_pmnn,0.8658968571605421
2qiw,10,pmnn,2qiw_10_pmnn,0.6611829511955596
2qiw,11,pmnn,2qiw_11_pmnn,0.906266670973734
2qiw,12,pmnn,2qiw_12_pmnn,0.8337177878849938
2qiw,13,pmnn,2qiw_13_pmnn,0.7449739387815588
2qiw,14,pmnn,2qiw_14_pmnn,1.093511661575962
2qiw,15,pmnn,2qiw_15_pmnn,1.0543380188028555
2qiw,16,pmnn,2qiw_16_pmnn,0.8323802701402266
2qiw,17,pmnn,2qiw_17_pmnn,0.8545565647741625
2qiw,18,pmnn,2qiw_18_pmnn,0.8379159267640949
2qiw,19,pmnn,2qiw_19_pmnn,0.9542663297139524
2qiw,20,pmnn,2qiw_20_pmnn,0.7776353435950095
2qiw,21,pmnn,2qiw_21_pmnn,0.9066224414648412
2qiw,22,pmnn,2qiw_22_pmnn,0.8760155757128072
2qiw,23,pmnn,2qiw_23_pmnn,0.8527145218986276
2qiw,24,pmnn,2qiw_24_pmnn,0.7340283830697579
2qiw,25,pmnn,2qiw_25_pmnn,0.9655817453933102
2qiw,26,pmnn,2qiw_26_pmnn,0.8988245359542085
2qiw,27,pmnn,2qiw_27_pmnn,0.948030418276492
2qiw,28,pmnn,2qiw_28_pmnn,0.9010893489274138
2qiw,29,pmnn,2qiw_29_pmnn,1.6216555476426937
2qiw,30,pmnn,2qiw_30_pmnn,0.817159151359283
2qiw,31,pmnn,2qiw_31_pmnn,0.6156168450751245
2qiw,32,pmnn,2qiw_32_pmnn,0.9580493858424772
2qiw,33,pmnn,2qiw_33_pmnn,0.7454702379395965
2qiw,34,pmnn,2qiw_34_pmnn,0.8353267414330825
2qiw,35,pmnn,2qiw_35_pmnn,0.7902215909714059
2qiw,36,pmnn,2qiw_36_pmnn,0.7681350618609833
2qiw,37,pmnn,2qiw_37_pmnn,1.0244440054549886
2qiw,38,pmnn,2qiw_38_pmnn,0.9781046237750732
2qiw,39,pmnn,2qiw_39_pmnn,0.8019929975360907
2qiw,40,pmnn,2qiw_40_pmnn,0.6399175143103263
2qiw,41,pmnn,2qiw_41_pmnn,0.8178958334705815
2qiw,42,pmnn,2qiw_42_pmnn,0.7951171193228067
2qiw,43,pmnn,2qiw_43_pmnn,0.9961126209593386
2qiw,44,pmnn,2qiw_44_pmnn,1.6316471903248189
2qiw,45,pmnn,2qiw_45_pmnn,0.8785223228297646
2qiw,46,pmnn,2qiw_46_pmnn,0.8215052525861087
2qiw,47,pmnn,2qiw_47_pmnn,1.7156272738228358
2qiw,48,pmnn,2qiw_48_pmnn,0.8333012206599415
2qiw,49,pmnn,2qiw_49_pmnn,0.8164595060863111
2qq8,0,pmnn,2qq8_0_pmnn,4.123365257775949
2qq8,1,pmnn,2qq8_1_pmnn,4.318816958241125
2qq8,2,pmnn,2qq8_2_pmnn,6.305358122594903
2qq8,3,pmnn,2qq8_3_pmnn,3.832849234850352
2qq8,4,pmnn,2qq8_4_pmnn,8.688839296051158
2qq8,5,pmnn,2qq8_5_pmnn,8.276717393202997
2qq8,6,pmnn,2qq8_6_pmnn,5.631301794254586
2qq8,7,pmnn,2qq8_7_pmnn,7.008298157275163
2qq8,8,pmnn,2qq8_8_pmnn,8.35980192896516
2qq8,9,pmnn,2qq8_9_pmnn,5.522430384901699
2qq8,10,pmnn,2qq8_10_pmnn,4.9711978341544
2qq8,11,pmnn,2qq8_11_pmnn,5.983607335330508
2qq8,12,pmnn,2qq8_12_pmnn,5.539880059748872
2qq8,13,pmnn,2qq8_13_pmnn,7.748491797849732
2qq8,14,pmnn,2qq8_14_pmnn,8.990687677861303
2qq8,15,pmnn,2qq8_15_pmnn,5.281805502854937
2qq8,16,pmnn,2qq8_16_pmnn,10.499661700695416
2qq8,17,pmnn,2qq8_17_pmnn,9.55125073683282
2qq8,18,pmnn,2qq8_18_pmnn,7.810104998847994
2qq8,19,pmnn,2qq8_19_pmnn,8.679829803359974
2qq8,20,pmnn,2qq8_20_pmnn,8.714196401105703
2qq8,21,pmnn,2qq8_21_pmnn,7.96575898056239
2qq8,22,pmnn,2qq8_22_pmnn,8.88549374328664
2qq8,23,pmnn,2qq8_23_pmnn,7.114157926066789
2qq8,24,pmnn,2qq8_24_pmnn,6.012539793267484
2qq8,25,pmnn,2qq8_25_pmnn,8.163848642061746
2qq8,26,pmnn,2qq8_26_pmnn,7.117189248999583
2qq8,27,pmnn,2qq8_27_pmnn,5.255495565230111
2qq8,28,pmnn,2qq8_28_pmnn,4.88371015597433
2qq8,29,pmnn,2qq8_29_pmnn,8.003736827870263
2qq8,30,pmnn,2qq8_30_pmnn,6.961766972036918
2qq8,31,pmnn,2qq8_31_pmnn,5.143639414989647
2qq8,32,pmnn,2qq8_32_pmnn,6.780828262526934
2qq8,33,pmnn,2qq8_33_pmnn,9.729948400708412
2qq8,34,pmnn,2qq8_34_pmnn,5.682817816449947
2qq8,35,pmnn,2qq8_35_pmnn,9.084109614694018
2qq8,36,pmnn,2qq8_36_pmnn,8.399282297627243
2qq8,37,pmnn,2qq8_37_pmnn,6.495975499465705
2qq8,38,pmnn,2qq8_38_pmnn,6.842681060532174
2qq8,39,pmnn,2qq8_39_pmnn,6.838368458735314
2qq8,40,pmnn,2qq8_40_pmnn,4.346679716368808
2qq8,41,pmnn,2qq8_41_pmnn,7.708358835510061
2qq8,42,pmnn,2qq8_42_pmnn,7.243783546114736
2qq8,43,pmnn,2qq8_43_pmnn,4.851608104153618
2qq8,44,pmnn,2qq8_44_pmnn,6.9176037011957305
2qq8,45,pmnn,2qq8_45_pmnn,8.7059953417471
2qq8,46,pmnn,2qq8_46_pmnn,6.126587691666384
2qq8,47,pmnn,2qq8_47_pmnn,9.52369301096077
2qq8,48,pmnn,2qq8_48_pmnn,5.019278493341877
2qq8,49,pmnn,2qq8_49_pmnn,5.816603692391295
3c8v,0,pmnn,3c8v_0_pmnn,0.7524151814593211
3c8v,1,pmnn,3c8v_1_pmnn,0.9761500143971832
3c8v,2,pmnn,3c8v_2_pmnn,0.6273536134789425
3c8v,3,pmnn,3c8v_3_pmnn,2.9971317667599977
3c8v,4,pmnn,3c8v_4_pmnn,0.7624689729448839
3c8v,5,pmnn,3c8v_5_pmnn,0.8439555373266097
3c8v,6,pmnn,3c8v_6_pmnn,0.824224725607879
3c8v,7,pmnn,3c8v_7_pmnn,0.8326335938946012
3c8v,8,pmnn,3c8v_8_pmnn,0.6830659546855706
3c8v,9,pmnn,3c8v_9_pmnn,0.5997477109770847
3c8v,10,pmnn,3c8v_10_pmnn,0.7182599192927117
3c8v,11,pmnn,3c8v_11_pmnn,0.8983882654871762
3c8v,12,pmnn,3c8v_12_pmnn,0.6700420239702436
3c8v,13,pmnn,3c8v_13_pmnn,0.754317621577252
3c8v,14,pmnn,3c8v_14_pmnn,0.7292475586193974
3c8v,15,pmnn,3c8v_15_pmnn,1.1257038145694644
3c8v,16,pmnn,3c8v_16_pmnn,7.896109095654843
3c8v,17,pmnn,3c8v_17_pmnn,0.5444242302397982
3c8v,18,pmnn,3c8v_18_pmnn,2.6363589773434315
3c8v,19,pmnn,3c8v_19_pmnn,1.2142263209830575
3c8v,20,pmnn,3c8v_20_pmnn,0.6360257608297339
3c8v,21,pmnn,3c8v_21_pmnn,0.7500237494606796
3c8v,22,pmnn,3c8v_22_pmnn,0.6655127830163137
3c8v,23,pmnn,3c8v_23_pmnn,0.6626325866703038
3c8v,24,pmnn,3c8v_24_pmnn,0.6012274955948224
3c8v,25,pmnn,3c8v_25_pmnn,0.6529296110102615
3c8v,26,pmnn,3c8v_26_pmnn,3.8998695578234575
3c8v,27,pmnn,3c8v_27_pmnn,0.6871525557285865
3c8v,28,pmnn,3c8v_28_pmnn,1.387389440640041
3c8v,29,pmnn,3c8v_29_pmnn,0.7055182834290746
3c8v,30,pmnn,3c8v_30_pmnn,0.603311828188606
3c8v,31,pmnn,3c8v_31_pmnn,0.7861170018611747
3c8v,32,pmnn,3c8v_32_pmnn,0.7021781256662504
3c8v,33,pmnn,3c8v_33_pmnn,5.384732832325506
3c8v,34,pmnn,3c8v_34_pmnn,0.6402700123772895
3c8v,35,pmnn,3c8v_35_pmnn,0.6251200811575406
3c8v,36,pmnn,3c8v_36_pmnn,0.6151308308775862
3c8v,37,pmnn,3c8v_37_pmnn,0.7128580164310182
3c8v,38,pmnn,3c8v_38_pmnn,0.7723120735620169
3c8v,39,pmnn,3c8v_39_pmnn,0.7098755370527191
3c8v,40,pmnn,3c8v_40_pmnn,0.7165138849073216
3c8v,41,pmnn,3c8v_41_pmnn,0.7101199257140408
3c8v,42,pmnn,3c8v_42_pmnn,0.6363929947425477
3c8v,43,pmnn,3c8v_43_pmnn,0.7379305417390017
3c8v,44,pmnn,3c8v_44_pmnn,0.7729604285035762
3c8v,45,pmnn,3c8v_45_pmnn,0.6311502517999413
3c8v,46,pmnn,3c8v_46_pmnn,0.8035266360209316
3c8v,47,pmnn,3c8v_47_pmnn,0.7768453772586407
3c8v,48,pmnn,3c8v_48_pmnn,0.7498397530471068
3c8v,49,pmnn,3c8v_49_pmnn,0.6100823933611167
3ewk,0,pmnn,3ewk_0_pmnn,0.662036527021516
3ewk,1,pmnn,3ewk_1_pmnn,0.6312678537304535
3ewk,2,pmnn,3ewk_2_pmnn,0.6562918801928798
3ewk,3,pmnn,3ewk_3_pmnn,0.6014059225817855
3ewk,4,pmnn,3ewk_4_pmnn,0.7145685041844252
3ewk,5,pmnn,3ewk_5_pmnn,5.273654509423766
3ewk,6,pmnn,3ewk_6_pmnn,0.6227159333418577
3ewk,7,pmnn,3ewk_7_pmnn,0.6162921435582913
3ewk,8,pmnn,3ewk_8_pmnn,0.6650557643180023
3ewk,9,pmnn,3ewk_9_pmnn,0.6489972321866112
3ewk,10,pmnn,3ewk_10_pmnn,1.451774939976404
3ewk,11,pmnn,3ewk_11_pmnn,0.7108204750846678
3ewk,12,pmnn,3ewk_12_pmnn,0.6426157566061678
3ewk,13,pmnn,3ewk_13_pmnn,0.5769168194982383
3ewk,14,pmnn,3ewk_14_pmnn,0.5865031365718715
3ewk,15,pmnn,3ewk_15_pmnn,0.6260411286187627
3ewk,16,pmnn,3ewk_16_pmnn,0.6161590551485573
3ewk,17,pmnn,3ewk_17_pmnn,0.6643574412764921
3ewk,18,pmnn,3ewk_18_pmnn,0.6076401573901644
3ewk,19,pmnn,3ewk_19_pmnn,4.178265444289813
3ewk,20,pmnn,3ewk_20_pmnn,0.6366632575719314
3ewk,21,pmnn,3ewk_21_pmnn,0.7065677456264443
3ewk,22,pmnn,3ewk_22_pmnn,0.5494714790815353
3ewk,23,pmnn,3ewk_23_pmnn,0.5421458695074235
3ewk,24,pmnn,3ewk_24_pmnn,0.7151687506177504
3ewk,25,pmnn,3ewk_25_pmnn,1.3614222628975818
3ewk,26,pmnn,3ewk_26_pmnn,0.5427468710600453
3ewk,27,pmnn,3ewk_27_pmnn,1.5217469284183955
3ewk,28,pmnn,3ewk_28_pmnn,0.686847070727357
3ewk,29,pmnn,3ewk_29_pmnn,0.7567999131606723
3ewk,30,pmnn,3ewk_30_pmnn,0.6663407313200883
3ewk,31,pmnn,3ewk_31_pmnn,0.6528891245118401
3ewk,32,pmnn,3ewk_32_pmnn,0.584021447607442
3ewk,33,pmnn,3ewk_33_pmnn,0.6848751233635052
3ewk,34,pmnn,3ewk_34_pmnn,0.6336123440452344
3ewk,35,pmnn,3ewk_35_pmnn,0.7934824921678549
3ewk,36,pmnn,3ewk_36_pmnn,0.5513118691266501
3ewk,37,pmnn,3ewk_37_pmnn,0.7249569704080829
3ewk,38,pmnn,3ewk_38_pmnn,0.6382049758867921
3ewk,39,pmnn,3ewk_39_pmnn,0.6227944897117327
3ewk,40,pmnn,3ewk_40_pmnn,0.6085200288651299
3ewk,41,pmnn,3ewk_41_pmnn,0.6302398156990958
3ewk,42,pmnn,3ewk_42_pmnn,0.5682427275236144
3ewk,43,pmnn,3ewk_43_pmnn,0.5954263719282191
3ewk,44,pmnn,3ewk_44_pmnn,0.6375812428151136
3ewk,45,pmnn,3ewk_45_pmnn,0.7650837444767874
3ewk,46,pmnn,3ewk_46_pmnn,0.5580092918487759
3ewk,47,pmnn,3ewk_47_pmnn,3.949627490739098
3ewk,48,pmnn,3ewk_48_pmnn,0.5371339190581943
3ewk,49,pmnn,3ewk_49_pmnn,0.6828152469462166
3h25,0,pmnn,3h25_0_pmnn,0.956821801758049
3h25,1,pmnn,3h25_1_pmnn,0.993477278900278
3h25,2,pmnn,3h25_2_pmnn,0.9454109708082884
3h25,3,pmnn,3h25_3_pmnn,0.8916595740942356
3h25,4,pmnn,3h25_4_pmnn,1.0615529046623031
3h25,5,pmnn,3h25_5_pmnn,0.9482380702894816
3h25,6,pmnn,3h25_6_pmnn,2.7441362808573264
3h25,7,pmnn,3h25_7_pmnn,0.9216807726550318
3h25,8,pmnn,3h25_8_pmnn,1.0648969428475736
3h25,9,pmnn,3h25_9_pmnn,0.9484686254079144
3h25,10,pmnn,3h25_10_pmnn,0.8962973472293785
3h25,11,pmnn,3h25_11_pmnn,0.9581617132569668
3h25,12,pmnn,3h25_12_pmnn,1.0290582195601885
3h25,13,pmnn,3h25_13_pmnn,0.9243061143692076
3h25,14,pmnn,3h25_14_pmnn,0.9752534255764824
3h25,15,pmnn,3h25_15_pmnn,0.933467783071118
3h25,16,pmnn,3h25_16_pmnn,0.923230329017348
3h25,17,pmnn,3h25_17_pmnn,0.9946698352181162
3h25,18,pmnn,3h25_18_pmnn,0.9586576507336284
3h25,19,pmnn,3h25_19_pmnn,1.0441874381209368
3h25,20,pmnn,3h25_20_pmnn,0.9601002589165524
3h25,21,pmnn,3h25_21_pmnn,0.9228381152914128
3h25,22,pmnn,3h25_22_pmnn,0.952896397175875
3h25,23,pmnn,3h25_23_pmnn,0.8851515780777626
3h25,24,pmnn,3h25_24_pmnn,0.8432319534252567
3h25,25,pmnn,3h25_25_pmnn,2.5922250332221872
3h25,26,pmnn,3h25_26_pmnn,1.6850343563754204
3h25,27,pmnn,3h25_27_pmnn,0.9961780347881214
3h25,28,pmnn,3h25_28_pmnn,0.938479160142493
3h25,29,pmnn,3h25_29_pmnn,1.018694420919085
3h25,30,pmnn,3h25_30_pmnn,0.9517221915007944
3h25,31,pmnn,3h25_31_pmnn,1.1131811050078
3h25,32,pmnn,3h25_32_pmnn,1.0041465323290817
3h25,33,pmnn,3h25_33_pmnn,0.9192231264063696
3h25,34,pmnn,3h25_34_pmnn,1.063397578169135
3h25,35,pmnn,3h25_35_pmnn,0.9172439180922664
3h25,36,pmnn,3h25_36_pmnn,0.738333701233381
3h25,37,pmnn,3h25_37_pmnn,0.9359135747281112
3h25,38,pmnn,3h25_38_pmnn,1.3307962817482677
3h25,39,pmnn,3h25_39_pmnn,1.031550259660536
3h25,40,pmnn,3h25_40_pmnn,0.9798908795212304
3h25,41,pmnn,3h25_41_pmnn,1.0136011940600582
3h25,42,pmnn,3h25_42_pmnn,0.9770493171372088
3h25,43,pmnn,3h25_43_pmnn,1.009492198883719
3h25,44,pmnn,3h25_44_pmnn,0.9443980625550376
3h25,45,pmnn,3h25_45_pmnn,1.0754322203307434
3h25,46,pmnn,3h25_46_pmnn,0.9358030792660976
3h25,47,pmnn,3h25_47_pmnn,0.9373887059590436
3h25,48,pmnn,3h25_48_pmnn,0.6607510928355319
3h25,49,pmnn,3h25_49_pmnn,0.9201690795232056
3m9q,0,pmnn,3m9q_0_pmnn,0.2915079626029864
3m9q,1,pmnn,3m9q_1_pmnn,0.3174079381050841
3m9q,2,pmnn,3m9q_2_pmnn,0.3009904377355705
3m9q,3,pmnn,3m9q_3_pmnn,0.3523361420173863
3m9q,4,pmnn,3m9q_4_pmnn,0.3144278943020336
3m9q,5,pmnn,3m9q_5_pmnn,0.3796739083163431
3m9q,6,pmnn,3m9q_6_pmnn,0.2953049238166916
3m9q,7,pmnn,3m9q_7_pmnn,2.1623054089981
3m9q,8,pmnn,3m9q_8_pmnn,0.4409003866483598
3m9q,9,pmnn,3m9q_9_pmnn,0.3967898619849296
3m9q,10,pmnn,3m9q_10_pmnn,0.3568989660260815
3m9q,11,pmnn,3m9q_11_pmnn,0.4478126471197318
3m9q,12,pmnn,3m9q_12_pmnn,0.3397041998919425
3m9q,13,pmnn,3m9q_13_pmnn,0.3558305207576778
3m9q,14,pmnn,3m9q_14_pmnn,0.3717737940764678
3m9q,15,pmnn,3m9q_15_pmnn,0.2845800820478323
3m9q,16,pmnn,3m9q_16_pmnn,0.3094655388931748
3m9q,17,pmnn,3m9q_17_pmnn,0.3458761895744666
3m9q,18,pmnn,3m9q_18_pmnn,0.3254715326412221
3m9q,19,pmnn,3m9q_19_pmnn,0.3772369241916494
3m9q,20,pmnn,3m9q_20_pmnn,0.4274553592353036
3m9q,21,pmnn,3m9q_21_pmnn,0.37060786227781
3m9q,22,pmnn,3m9q_22_pmnn,0.4092276824990028
3m9q,23,pmnn,3m9q_23_pmnn,0.3396816834441489
3m9q,24,pmnn,3m9q_24_pmnn,0.3529578647922243
3m9q,25,pmnn,3m9q_25_pmnn,0.3319772590642436
3m9q,26,pmnn,3m9q_26_pmnn,0.3205995709964801
3m9q,27,pmnn,3m9q_27_pmnn,0.3311828174691341
3m9q,28,pmnn,3m9q_28_pmnn,0.3502506488589505
3m9q,29,pmnn,3m9q_29_pmnn,0.3591341348101247
3m9q,30,pmnn,3m9q_30_pmnn,0.3957353678353494
3m9q,31,pmnn,3m9q_31_pmnn,0.3180467191599848
3m9q,32,pmnn,3m9q_32_pmnn,1.388746504341703
3m9q,33,pmnn,3m9q_33_pmnn,0.3804618844045124
3m9q,34,pmnn,3m9q_34_pmnn,0.2766796431927238
3m9q,35,pmnn,3m9q_35_pmnn,0.3251505330516413
3m9q,36,pmnn,3m9q_36_pmnn,0.4045728395844801
3m9q,37,pmnn,3m9q_37_pmnn,0.301492190339606
3m9q,38,pmnn,3m9q_38_pmnn,0.4738316069598464
3m9q,39,pmnn,3m9q_39_pmnn,0.3099039176958734
3m9q,40,pmnn,3m9q_40_pmnn,0.4123844029805534
3m9q,41,pmnn,3m9q_41_pmnn,0.4449398422297447
3m9q,42,pmnn,3m9q_42_pmnn,0.4088628791098997
3m9q,43,pmnn,3m9q_43_pmnn,0.3369138179430191
3m9q,44,pmnn,3m9q_44_pmnn,0.3376955794365575
3m9q,45,pmnn,3m9q_45_pmnn,0.4196548928243883
3m9q,46,pmnn,3m9q_46_pmnn,0.4536722681463886
3m9q,47,pmnn,3m9q_47_pmnn,0.3967858370283529
3m9q,48,pmnn,3m9q_48_pmnn,0.446942020036965
3m9q,49,pmnn,3m9q_49_pmnn,0.3088373059584532
3sb1,0,pmnn,3sb1_0_pmnn,0.8827327996120141
3sb1,1,pmnn,3sb1_1_pmnn,0.6274761976993832
3sb1,2,pmnn,3sb1_2_pmnn,0.6906477048429938
3sb1,3,pmnn,3sb1_3_pmnn,1.5460127305694755
3sb1,4,pmnn,3sb1_4_pmnn,1.7864395036807934
3sb1,5,pmnn,3sb1_5_pmnn,0.6917845213878595
3sb1,6,pmnn,3sb1_6_pmnn,0.723352389756649
3sb1,7,pmnn,3sb1_7_pmnn,0.6337707610933802
3sb1,8,pmnn,3sb1_8_pmnn,0.787501333629145
3sb1,9,pmnn,3sb1_9_pmnn,0.8296249085863531
3sb1,10,pmnn,3sb1_10_pmnn,0.7191931705869566
3sb1,11,pmnn,3sb1_11_pmnn,6.672366179135165
3sb1,12,pmnn,3sb1_12_pmnn,0.7257372917766985
3sb1,13,pmnn,3sb1_13_pmnn,0.6655285684821991
3sb1,14,pmnn,3sb1_14_pmnn,0.8838588421498803
3sb1,15,pmnn,3sb1_15_pmnn,1.485461967423085
3sb1,16,pmnn,3sb1_16_pmnn,0.6677990346433752
3sb1,17,pmnn,3sb1_17_pmnn,0.8356402858114957
3sb1,18,pmnn,3sb1_18_pmnn,1.5308012869312906
3sb1,19,pmnn,3sb1_19_pmnn,0.7336053833125411
3sb1,20,pmnn,3sb1_20_pmnn,0.7178408428902323
3sb1,21,pmnn,3sb1_21_pmnn,0.8322277929426299
3sb1,22,pmnn,3sb1_22_pmnn,0.8941056050933306
3sb1,23,pmnn,3sb1_23_pmnn,0.6423586021122318
3sb1,24,pmnn,3sb1_24_pmnn,1.5770891699269316
3sb1,25,pmnn,3sb1_25_pmnn,1.5207966534445805
3sb1,26,pmnn,3sb1_26_pmnn,0.7284942623820994
3sb1,27,pmnn,3sb1_27_pmnn,0.7163227727379899
3sb1,28,pmnn,3sb1_28_pmnn,0.8097680783269129
3sb1,29,pmnn,3sb1_29_pmnn,1.4421322531982708
3sb1,30,pmnn,3sb1_30_pmnn,1.4771699332106043
3sb1,31,pmnn,3sb1_31_pmnn,0.7362585060133444
3sb1,32,pmnn,3sb1_32_pmnn,1.5530715365197807
3sb1,33,pmnn,3sb1_33_pmnn,1.5197971885986972
3sb1,34,pmnn,3sb1_34_pmnn,0.6764291512958276
3sb1,35,pmnn,3sb1_35_pmnn,0.6570359473678555
3sb1,36,pmnn,3sb1_36_pmnn,0.6838300634369974
3sb1,37,pmnn,3sb1_37_pmnn,0.730196774690997
3sb1,38,pmnn,3sb1_38_pmnn,0.6765725282626243
3sb1,39,pmnn,3sb1_39_pmnn,2.1234717988759204
3sb1,40,pmnn,3sb1_40_pmnn,0.690667825984933
3sb1,41,pmnn,3sb1_41_pmnn,0.7517719952302693
3sb1,42,pmnn,3sb1_42_pmnn,0.6052085957441784
3sb1,43,pmnn,3sb1_43_pmnn,0.5597763081800277
3sb1,44,pmnn,3sb1_44_pmnn,0.6666301677567213
3sb1,45,pmnn,3sb1_45_pmnn,0.6003248487688789
3sb1,46,pmnn,3sb1_46_pmnn,0.9315570114009885
3sb1,47,pmnn,3sb1_47_pmnn,1.882721014688928
3sb1,48,pmnn,3sb1_48_pmnn,0.748400351173817
3sb1,49,pmnn,3sb1_49_pmnn,1.532623616906695
3w68,0,pmnn,3w68_0_pmnn,4.952206088566596
3w68,1,pmnn,3w68_1_pmnn,4.469605263982527
3w68,2,pmnn,3w68_2_pmnn,6.227335492522125
3w68,3,pmnn,3w68_3_pmnn,5.706308998117671
3w68,4,pmnn,3w68_4_pmnn,4.980488204618866
3w68,5,pmnn,3w68_5_pmnn,4.625762491693374
3w68,6,pmnn,3w68_6_pmnn,5.853640205721596
3w68,7,pmnn,3w68_7_pmnn,6.241401556044048
3w68,8,pmnn,3w68_8_pmnn,6.418061313747184
3w68,9,pmnn,3w68_9_pmnn,4.593189245067021
3w68,10,pmnn,3w68_10_pmnn,5.693649823744844
3w68,11,pmnn,3w68_11_pmnn,5.624759380704237
3w68,12,pmnn,3w68_12_pmnn,5.242251293933122
3w68,13,pmnn,3w68_13_pmnn,4.3150070200981245
3w68,14,pmnn,3w68_14_pmnn,5.786197822903071
3w68,15,pmnn,3w68_15_pmnn,4.92621052641413
3w68,16,pmnn,3w68_16_pmnn,5.935986906299391
3w68,17,pmnn,3w68_17_pmnn,4.093651472852189
3w68,18,pmnn,3w68_18_pmnn,4.093516537752935
3w68,19,pmnn,3w68_19_pmnn,5.953527743649226
3w68,20,pmnn,3w68_20_pmnn,3.988879226158101
3w68,21,pmnn,3w68_21_pmnn,6.440287695672248
3w68,22,pmnn,3w68_22_pmnn,3.270332625306366
3w68,23,pmnn,3w68_23_pmnn,5.834241625598471
3w68,24,pmnn,3w68_24_pmnn,5.840514436821362
3w68,25,pmnn,3w68_25_pmnn,5.121811732579682
3w68,26,pmnn,3w68_26_pmnn,4.127017304330197
3w68,27,pmnn,3w68_27_pmnn,5.313044501431001
3w68,28,pmnn,3w68_28_pmnn,5.499236776397622
3w68,29,pmnn,3w68_29_pmnn,4.282907993755559
3w68,30,pmnn,3w68_30_pmnn,4.326318863896809
3w68,31,pmnn,3w68_31_pmnn,6.306338686866059
3w68,32,pmnn,3w68_32_pmnn,4.277360397608395
3w68,33,pmnn,3w68_33_pmnn,4.655773764882926
3w68,34,pmnn,3w68_34_pmnn,4.046624316057273
3w68,35,pmnn,3w68_35_pmnn,5.36461820819469
3w68,36,pmnn,3w68_36_pmnn,6.445908826580309
3w68,37,pmnn,3w68_37_pmnn,5.990130763592846
3w68,38,pmnn,3w68_38_pmnn,6.474414177393171
3w68,39,pmnn,3w68_39_pmnn,4.021372156490381
3w68,40,pmnn,3w68_40_pmnn,6.098106874297799
3w68,41,pmnn,3w68_41_pmnn,5.210768148328807
3w68,42,pmnn,3w68_42_pmnn,6.507056997712897
3w68,43,pmnn,3w68_43_pmnn,5.591375194216536
3w68,44,pmnn,3w68_44_pmnn,6.161178139651712
3w68,45,pmnn,3w68_45_pmnn,5.642153433344146
3w68,46,pmnn,3w68_46_pmnn,4.182276505394894
3w68,47,pmnn,3w68_47_pmnn,5.242113663010797
3w68,48,pmnn,3w68_48_pmnn,4.45495068341212
3w68,49,pmnn,3w68_49_pmnn,4.219908544384047
1n7d,0,pmnn,1n7d_0_pmnn,2.286129087888664
1n7d,1,pmnn,1n7d_1_pmnn,8.340446851102179
1n7d,2,pmnn,1n7d_2_pmnn,6.4058914775412354
1n7d,3,pmnn,1n7d_3_pmnn,8.827768072154036
1n7d,4,pmnn,1n7d_4_pmnn,7.461911698096243
1n7d,5,pmnn,1n7d_5_pmnn,6.249360754837151
1n7d,6,pmnn,1n7d_6_pmnn,12.571535853138718
1n7d,7,pmnn,1n7d_7_pmnn,9.330767350165416
1n7d,8,pmnn,1n7d_8_pmnn,13.129420360014198
1n7d,9,pmnn,1n7d_9_pmnn,5.229328330328567
1n7d,10,pmnn,1n7d_10_pmnn,7.883230082439556
1n7d,11,pmnn,1n7d_11_pmnn,6.058014638839801
1n7d,12,pmnn,1n7d_12_pmnn,11.311155749678496
1n7d,13,pmnn,1n7d_13_pmnn,7.860848858227902
1n7d,14,pmnn,1n7d_14_pmnn,8.996179466106591
1n7d,15,pmnn,1n7d_15_pmnn,6.13490526558566
1n7d,16,pmnn,1n7d_16_pmnn,8.622031923362327
1n7d,17,pmnn,1n7d_17_pmnn,9.336192348397002
1n7d,18,pmnn,1n7d_18_pmnn,15.119073744909702
1n7d,19,pmnn,1n7d_19_pmnn,8.119919347503455
1n7d,20,pmnn,1n7d_20_pmnn,9.10824438106585
1n7d,21,pmnn,1n7d_21_pmnn,8.889009957775746
1n7d,22,pmnn,1n7d_22_pmnn,11.540827289951164
1n7d,23,pmnn,1n7d_23_pmnn,6.872074366723032
1n7d,24,pmnn,1n7d_24_pmnn,5.922990966277692
1n7d,25,pmnn,1n7d_25_pmnn,11.822100070787142
1n7d,26,pmnn,1n7d_26_pmnn,6.592813289693097
1n7d,27,pmnn,1n7d_27_pmnn,10.50631448741011
1n7d,28,pmnn,1n7d_28_pmnn,7.468983484097035
1n7d,29,pmnn,1n7d_29_pmnn,11.212336585173436
1n7d,30,pmnn,1n7d_30_pmnn,10.307204064932485
1n7d,31,pmnn,1n7d_31_pmnn,5.74950008707024
1n7d,32,pmnn,1n7d_32_pmnn,8.421108183641694
1n7d,33,pmnn,1n7d_33_pmnn,7.244242632428006
1n7d,34,pmnn,1n7d_34_pmnn,12.975792868319202
1n7d,35,pmnn,1n7d_35_pmnn,8.564524931233025
1n7d,36,pmnn,1n7d_36_pmnn,7.512185941659745
1n7d,37,pmnn,1n7d_37_pmnn,8.311539378318109
1n7d,38,pmnn,1n7d_38_pmnn,7.305461211351943
1n7d,39,pmnn,1n7d_39_pmnn,8.258532318860473
1n7d,40,pmnn,1n7d_40_pmnn,8.420617772827613
1n7d,41,pmnn,1n7d_41_pmnn,7.742096769393224
1n7d,42,pmnn,1n7d_42_pmnn,9.458729983111644
1n7d,43,pmnn,1n7d_43_pmnn,5.712492641051914
1n7d,44,pmnn,1n7d_44_pmnn,9.442574601061404
1n7d,45,pmnn,1n7d_45_pmnn,6.942115652372996
1n7d,46,pmnn,1n7d_46_pmnn,6.092933996990717
1n7d,47,pmnn,1n7d_47_pmnn,7.915224690679861
1n7d,48,pmnn,1n7d_48_pmnn,5.314291208091509
1n7d,49,pmnn,1n7d_49_pmnn,9.759988049448456
5u1y,0,pmnn,5u1y_0_pmnn,2.7223013076375606
5u1y,1,pmnn,5u1y_1_pmnn,2.706889438166707
5u1y,2,pmnn,5u1y_2_pmnn,2.83836165784049
5u1y,3,pmnn,5u1y_3_pmnn,2.316275941937138
5u1y,4,pmnn,5u1y_4_pmnn,2.7094896182865966
5u1y,5,pmnn,5u1y_5_pmnn,2.701226635827257
5u1y,6,pmnn,5u1y_6_pmnn,2.5873897658008347
5u1y,7,pmnn,5u1y_7_pmnn,2.709358439351174
5u1y,8,pmnn,5u1y_8_pmnn,2.640865061969651
5u1y,9,pmnn,5u1y_9_pmnn,2.6424034685068447
5u1y,10,pmnn,5u1y_10_pmnn,2.75797679042634
5u1y,11,pmnn,5u1y_11_pmnn,2.579632954785575
5u1y,12,pmnn,5u1y_12_pmnn,2.785280435099337
5u1y,13,pmnn,5u1y_13_pmnn,2.315162222389534
5u1y,14,pmnn,5u1y_14_pmnn,2.6461974788049893
5u1y,15,pmnn,5u1y_15_pmnn,2.632749757818941
5u1y,16,pmnn,5u1y_16_pmnn,2.304710193423621
5u1y,17,pmnn,5u1y_17_pmnn,2.7011440574867724
5u1y,18,pmnn,5u1y_18_pmnn,1.8593309440269417
5u1y,19,pmnn,5u1y_19_pmnn,2.6294143578326623
5u1y,20,pmnn,5u1y_20_pmnn,2.588332125478744
5u1y,21,pmnn,5u1y_21_pmnn,2.6487108885177344
5u1y,22,pmnn,5u1y_22_pmnn,2.692065503737024
5u1y,23,pmnn,5u1y_23_pmnn,6.847398140842521
5u1y,24,pmnn,5u1y_24_pmnn,3.5839881003046035
5u1y,25,pmnn,5u1y_25_pmnn,2.6898851584571344
5u1y,26,pmnn,5u1y_26_pmnn,2.7021552825121824
5u1y,27,pmnn,5u1y_27_pmnn,4.191580966117143
5u1y,28,pmnn,5u1y_28_pmnn,2.652427601640164
5u1y,29,pmnn,5u1y_29_pmnn,2.6557586309921657
5u1y,30,pmnn,5u1y_30_pmnn,2.303293178993905
5u1y,31,pmnn,5u1y_31_pmnn,2.541768626860597
5u1y,32,pmnn,5u1y_32_pmnn,2.1135376664174843
5u1y,33,pmnn,5u1y_33_pmnn,5.458784866099365
5u1y,34,pmnn,5u1y_34_pmnn,2.9626992230031988
5u1y,35,pmnn,5u1y_35_pmnn,2.468873988525487
5u1y,36,pmnn,5u1y_36_pmnn,2.658570929661695
5u1y,37,pmnn,5u1y_37_pmnn,3.011925368311416
5u1y,38,pmnn,5u1y_38_pmnn,2.598992544812134
5u1y,39,pmnn,5u1y_39_pmnn,2.761215483298922
5u1y,40,pmnn,5u1y_40_pmnn,2.6849022103036453
5u1y,41,pmnn,5u1y_41_pmnn,5.1338283123740505
5u1y,42,pmnn,5u1y_42_pmnn,2.5049724718968345
5u1y,43,pmnn,5u1y_43_pmnn,1.4315607209270669
5u1y,44,pmnn,5u1y_44_pmnn,2.6722963892576983
5u1y,45,pmnn,5u1y_45_pmnn,2.5622065796047657
5u1y,46,pmnn,5u1y_46_pmnn,3.2039257062433024
5u1y,47,pmnn,5u1y_47_pmnn,2.6193621714026243
5u1y,48,pmnn,5u1y_48_pmnn,1.4566315686368536
5u1y,49,pmnn,5u1y_49_pmnn,2.5953266429283084
1emn,0,pmnn,1emn_0_pmnn,3.8253418554730616
1emn,1,pmnn,1emn_1_pmnn,9.404563364880728
1emn,2,pmnn,1emn_2_pmnn,11.27320078243426
1emn,3,pmnn,1emn_3_pmnn,10.230485239396367
1emn,4,pmnn,1emn_4_pmnn,8.587172553914538
1emn,5,pmnn,1emn_5_pmnn,11.686232469579064
1emn,6,pmnn,1emn_6_pmnn,5.765443441596803
1emn,7,pmnn,1emn_7_pmnn,9.688934985565435
1emn,8,pmnn,1emn_8_pmnn,5.151121208554775
1emn,9,pmnn,1emn_9_pmnn,7.617375687668227
1emn,10,pmnn,1emn_10_pmnn,7.035952806137273
1emn,11,pmnn,1emn_11_pmnn,10.379940438044896
1emn,12,pmnn,1emn_12_pmnn,3.3840894082925974
1emn,13,pmnn,1emn_13_pmnn,4.199007820660671
1emn,14,pmnn,1emn_14_pmnn,7.776866798941461
1emn,15,pmnn,1emn_15_pmnn,4.871417229756737
1emn,16,pmnn,1emn_16_pmnn,1.7109191057444435
1emn,17,pmnn,1emn_17_pmnn,5.042678997596508
1emn,18,pmnn,1emn_18_pmnn,9.763298333946317
1emn,19,pmnn,1emn_19_pmnn,6.50246328427793
1emn,20,pmnn,1emn_20_pmnn,7.436240893728315
1emn,21,pmnn,1emn_21_pmnn,14.375789405659768
1emn,22,pmnn,1emn_22_pmnn,8.256316262074815
1emn,23,pmnn,1emn_23_pmnn,10.23792496346348
1emn,24,pmnn,1emn_24_pmnn,9.727426217600716
1emn,25,pmnn,1emn_25_pmnn,4.227321512468291
1emn,26,pmnn,1emn_26_pmnn,6.355532751212893
1emn,27,pmnn,1emn_27_pmnn,10.66624704171346
1emn,28,pmnn,1emn_28_pmnn,4.647626058621346
1emn,29,pmnn,1emn_29_pmnn,9.890981312331512
1emn,30,pmnn,1emn_30_pmnn,7.196472602156719
1emn,31,pmnn,1emn_31_pmnn,6.952980647690081
1emn,32,pmnn,1emn_32_pmnn,10.30429352752793
1emn,33,pmnn,1emn_33_pmnn,6.873520365029699
1emn,34,pmnn,1emn_34_pmnn,6.9949122109452535
1emn,35,pmnn,1emn_35_pmnn,2.959571328611184
1emn,36,pmnn,1emn_36_pmnn,9.865478503653408
1emn,37,pmnn,1emn_37_pmnn,4.662196410060915
1emn,38,pmnn,1emn_38_pmnn,8.981351141695765
1emn,39,pmnn,1emn_39_pmnn,8.647813783121087
1emn,40,pmnn,1emn_40_pmnn,9.789659890583168
1emn,41,pmnn,1emn_41_pmnn,10.296542283902667
1emn,42,pmnn,1emn_42_pmnn,8.56812045192548
1emn,43,pmnn,1emn_43_pmnn,10.513162856326076
1emn,44,pmnn,1emn_44_pmnn,1.6448952728468729
1emn,45,pmnn,1emn_45_pmnn,9.551958377954056
1emn,46,pmnn,1emn_46_pmnn,7.989589487245023
1emn,47,pmnn,1emn_47_pmnn,1.806985780968175
1emn,48,pmnn,1emn_48_pmnn,4.82439726331793
1emn,49,pmnn,1emn_49_pmnn,6.398316405634056
1lql,0,pmnn,1lql_0_pmnn,8.299375446568854
1lql,1,pmnn,1lql_1_pmnn,1.274507534782686
1lql,2,pmnn,1lql_2_pmnn,6.655548664918601
1lql,3,pmnn,1lql_3_pmnn,1.062285017470515
1lql,4,pmnn,1lql_4_pmnn,12.057883895608049
1lql,5,pmnn,1lql_5_pmnn,10.039346520460388
1lql,6,pmnn,1lql_6_pmnn,1.4070994037090396
1lql,7,pmnn,1lql_7_pmnn,9.92438819151142
1lql,8,pmnn,1lql_8_pmnn,19.592286359577155
1lql,9,pmnn,1lql_9_pmnn,10.64269479571074
1lql,10,pmnn,1lql_10_pmnn,10.803979728368782
1lql,11,pmnn,1lql_11_pmnn,11.168383230253248
1lql,12,pmnn,1lql_12_pmnn,12.086426184118556
1lql,13,pmnn,1lql_13_pmnn,12.383542732047816
1lql,14,pmnn,1lql_14_pmnn,11.841554859873726
1lql,15,pmnn,1lql_15_pmnn,1.4595096566853416
1lql,16,pmnn,1lql_16_pmnn,13.33527244747919
1lql,17,pmnn,1lql_17_pmnn,11.929380324807076
1lql,18,pmnn,1lql_18_pmnn,12.02531042901649
1lql,19,pmnn,1lql_19_pmnn,10.543072620758313
1lql,20,pmnn,1lql_20_pmnn,13.104905347642656
1lql,21,pmnn,1lql_21_pmnn,13.137727774456328
1lql,22,pmnn,1lql_22_pmnn,11.524679590001345
1lql,23,pmnn,1lql_23_pmnn,1.4109897194738288
1lql,24,pmnn,1lql_24_pmnn,1.455105790646745
1lql,25,pmnn,1lql_25_pmnn,12.860490527544997
1lql,26,pmnn,1lql_26_pmnn,11.765681265188787
1lql,27,pmnn,1lql_27_pmnn,11.364922413432542
1lql,28,pmnn,1lql_28_pmnn,12.329535922113513
1lql,29,pmnn,1lql_29_pmnn,10.72980027705557
1lql,30,pmnn,1lql_30_pmnn,11.420164423152931
1lql,31,pmnn,1lql_31_pmnn,13.477863997912054
1lql,32,pmnn,1lql_32_pmnn,1.4352338400685651
1lql,33,pmnn,1lql_33_pmnn,14.533741030541606
1lql,34,pmnn,1lql_34_pmnn,11.56992811764126
1lql,35,pmnn,1lql_35_pmnn,1.1915845932313225
1lql,36,pmnn,1lql_36_pmnn,11.647192483798722
1lql,37,pmnn,1lql_37_pmnn,1.4090634103884636
1lql,38,pmnn,1lql_38_pmnn,16.540207466681466
1lql,39,pmnn,1lql_39_pmnn,9.898655031931405
1lql,40,pmnn,1lql_40_pmnn,12.85107039623651
1lql,41,pmnn,1lql_41_pmnn,20.59796291133555
1lql,42,pmnn,1lql_42_pmnn,7.746603701962843
1lql,43,pmnn,1lql_43_pmnn,11.610524089976744
1lql,44,pmnn,1lql_44_pmnn,12.442635424502775
1lql,45,pmnn,1lql_45_pmnn,13.792779107972915
1lql,46,pmnn,1lql_46_pmnn,18.06957355942001
1lql,47,pmnn,1lql_47_pmnn,13.287042536301236
1lql,48,pmnn,1lql_48_pmnn,11.669849394790203
1lql,49,pmnn,1lql_49_pmnn,1.9340066962347344
1np6,0,pmnn,1np6_0_pmnn,6.933437090692381
1np6,1,pmnn,1np6_1_pmnn,9.400394419999367
1np6,2,pmnn,1np6_2_pmnn,6.887108658225978
1np6,3,pmnn,1np6_3_pmnn,12.765873974746906
1np6,4,pmnn,1np6_4_pmnn,7.225913657996257
1np6,5,pmnn,1np6_5_pmnn,5.158058844216567
1np6,6,pmnn,1np6_6_pmnn,18.378384809656303
1np6,7,pmnn,1np6_7_pmnn,6.084975579795942
1np6,8,pmnn,1np6_8_pmnn,5.328169654185912
1np6,9,pmnn,1np6_9_pmnn,19.459022932700663
1np6,10,pmnn,1np6_10_pmnn,5.4620372057264905
1np6,11,pmnn,1np6_11_pmnn,12.679607183658591
1np6,12,pmnn,1np6_12_pmnn,6.587951499698845
1np6,13,pmnn,1np6_13_pmnn,6.678719074061502
1np6,14,pmnn,1np6_14_pmnn,6.075188187421588
1np6,15,pmnn,1np6_15_pmnn,6.874141960673589
1np6,16,pmnn,1np6_16_pmnn,7.893963729154376
1np6,17,pmnn,1np6_17_pmnn,12.38273098831099
1np6,18,pmnn,1np6_18_pmnn,10.943018820956064
1np6,19,pmnn,1np6_19_pmnn,5.273276907276946
1np6,20,pmnn,1np6_20_pmnn,16.334650034175958
1np6,21,pmnn,1np6_21_pmnn,17.994549463718148
1np6,22,pmnn,1np6_22_pmnn,5.965371789019988
1np6,23,pmnn,1np6_23_pmnn,5.646383648930399
1np6,24,pmnn,1np6_24_pmnn,15.42030444599509
1np6,25,pmnn,1np6_25_pmnn,6.998767320392307
1np6,26,pmnn,1np6_26_pmnn,20.738602551241403
1np6,27,pmnn,1np6_27_pmnn,20.014126006407256
1np6,28,pmnn,1np6_28_pmnn,18.487185877430527
1np6,29,pmnn,1np6_29_pmnn,10.242884260279103
1np6,30,pmnn,1np6_30_pmnn,8.821604397288093
1np6,31,pmnn,1np6_31_pmnn,5.446249699325098
1np6,32,pmnn,1np6_32_pmnn,7.917080552731751
1np6,33,pmnn,1np6_33_pmnn,10.466281580877151
1np6,34,pmnn,1np6_34_pmnn,4.497043156228327
1np6,35,pmnn,1np6_35_pmnn,15.988472070504598
1np6,36,pmnn,1np6_36_pmnn,20.242703044505504
1np6,37,pmnn,1np6_37_pmnn,6.492818054461338
1np6,38,pmnn,1np6_38_pmnn,4.680146352587386
1np6,39,pmnn,1np6_39_pmnn,12.826676044280038
1np6,40,pmnn,1np6_40_pmnn,17.842070311988454
1np6,41,pmnn,1np6_41_pmnn,20.59377195384656
1np6,42,pmnn,1np6_42_pmnn,3.560916699997554
1np6,43,pmnn,1np6_43_pmnn,19.84298331669985
1np6,44,pmnn,1np6_44_pmnn,8.716705953664684
1np6,45,pmnn,1np6_45_pmnn,6.578833349834921
1np6,46,pmnn,1np6_46_pmnn,14.246577178367785
1np6,47,pmnn,1np6_47_pmnn,15.926943671722526
1np6,48,pmnn,1np6_48_pmnn,15.715137144860392
1np6,49,pmnn,1np6_49_pmnn,5.251107881099917
1o6w,0,pmnn,1o6w_0_pmnn,3.923280445993367
1o6w,1,pmnn,1o6w_1_pmnn,0.8247517396730325
1o6w,2,pmnn,1o6w_2_pmnn,2.2438952287615987
1o6w,3,pmnn,1o6w_3_pmnn,0.8747197530308498
1o6w,4,pmnn,1o6w_4_pmnn,0.7502186529839566
1o6w,5,pmnn,1o6w_5_pmnn,0.8399729074922863
1o6w,6,pmnn,1o6w_6_pmnn,0.7846183350307635
1o6w,7,pmnn,1o6w_7_pmnn,0.769964594374748
1o6w,8,pmnn,1o6w_8_pmnn,7.308336987804147
1o6w,9,pmnn,1o6w_9_pmnn,1.0718656191743672
1o6w,10,pmnn,1o6w_10_pmnn,1.3907594343798622
1o6w,11,pmnn,1o6w_11_pmnn,1.1017419031109372
1o6w,12,pmnn,1o6w_12_pmnn,0.8182875796263042
1o6w,13,pmnn,1o6w_13_pmnn,0.7221129153341398
1o6w,14,pmnn,1o6w_14_pmnn,1.100045582687163
1o6w,15,pmnn,1o6w_15_pmnn,0.779497705031305
1o6w,16,pmnn,1o6w_16_pmnn,2.6066190626125483
1o6w,17,pmnn,1o6w_17_pmnn,12.135805764755416
1o6w,18,pmnn,1o6w_18_pmnn,1.0636308443210003
1o6w,19,pmnn,1o6w_19_pmnn,0.8788067935848635
1o6w,20,pmnn,1o6w_20_pmnn,0.7621834866492703
1o6w,21,pmnn,1o6w_21_pmnn,1.204930143136506
1o6w,22,pmnn,1o6w_22_pmnn,0.7157290261659184
1o6w,23,pmnn,1o6w_23_pmnn,0.7606220604422793
1o6w,24,pmnn,1o6w_24_pmnn,0.9705284775138148
1o6w,25,pmnn,1o6w_25_pmnn,0.7401236808859957
1o6w,26,pmnn,1o6w_26_pmnn,0.8250736388217977
1o6w,27,pmnn,1o6w_27_pmnn,11.224366130384436
1o6w,28,pmnn,1o6w_28_pmnn,0.7892963733961512
1o6w,29,pmnn,1o6w_29_pmnn,0.77673897886314
1o6w,30,pmnn,1o6w_30_pmnn,1.4052155561736983
1o6w,31,pmnn,1o6w_31_pmnn,0.8131931327947293
1o6w,32,pmnn,1o6w_32_pmnn,1.0795655253948575
1o6w,33,pmnn,1o6w_33_pmnn,1.131315769435021
1o6w,34,pmnn,1o6w_34_pmnn,0.8927814051186216
1o6w,35,pmnn,1o6w_35_pmnn,0.7821582561779951
1o6w,36,pmnn,1o6w_36_pmnn,0.8476652072567107
1o6w,37,pmnn,1o6w_37_pmnn,0.7261227017342321
1o6w,38,pmnn,1o6w_38_pmnn,0.7353423407651831
1o6w,39,pmnn,1o6w_39_pmnn,0.8292709637902956
1o6w,40,pmnn,1o6w_40_pmnn,0.7911088705576068
1o6w,41,pmnn,1o6w_41_pmnn,0.932636508134673
1o6w,42,pmnn,1o6w_42_pmnn,8.735875024122475
1o6w,43,pmnn,1o6w_43_pmnn,0.7578054271975991
1o6w,44,pmnn,1o6w_44_pmnn,1.191635629284967
1o6w,45,pmnn,1o6w_45_pmnn,1.734052854189856
1o6w,46,pmnn,1o6w_46_pmnn,1.2763418693876
1o6w,47,pmnn,1o6w_47_pmnn,0.8820153695714809
1o6w,48,pmnn,1o6w_48_pmnn,0.7644796022980639
1o6w,49,pmnn,1o6w_49_pmnn,10.768952996999872
1p9n,0,pmnn,1p9n_0_pmnn,11.608439507256875
1p9n,1,pmnn,1p9n_1_pmnn,9.35116526105855
1p9n,2,pmnn,1p9n_2_pmnn,13.298820543397865
1p9n,3,pmnn,1p9n_3_pmnn,13.307494828425328
1p9n,4,pmnn,1p9n_4_pmnn,13.551356588521978
1p9n,5,pmnn,1p9n_5_pmnn,7.499714883229987
1p9n,6,pmnn,1p9n_6_pmnn,14.9750859457985
1p9n,7,pmnn,1p9n_7_pmnn,5.449608009286179
1p9n,8,pmnn,1p9n_8_pmnn,9.224128143374198
1p9n,9,pmnn,1p9n_9_pmnn,7.045469189186088
1p9n,10,pmnn,1p9n_10_pmnn,14.651070093896974
1p9n,11,pmnn,1p9n_11_pmnn,9.99965793419198
1p9n,12,pmnn,1p9n_12_pmnn,4.835878691550256
1p9n,13,pmnn,1p9n_13_pmnn,13.80615320928465
1p9n,14,pmnn,1p9n_14_pmnn,8.705580297541632
1p9n,15,pmnn,1p9n_15_pmnn,16.78005799079875
1p9n,16,pmnn,1p9n_16_pmnn,14.417724075859308
1p9n,17,pmnn,1p9n_17_pmnn,11.609619194709817
1p9n,18,pmnn,1p9n_18_pmnn,9.084482572640434
1p9n,19,pmnn,1p9n_19_pmnn,16.346426812444896
1p9n,20,pmnn,1p9n_20_pmnn,13.998872157175828
1p9n,21,pmnn,1p9n_21_pmnn,6.42488681576309
1p9n,22,pmnn,1p9n_22_pmnn,12.27449334845259
1p9n,23,pmnn,1p9n_23_pmnn,8.488275144254512
1p9n,24,pmnn,1p9n_24_pmnn,16.150840320230056
1p9n,25,pmnn,1p9n_25_pmnn,14.918186773385145
1p9n,26,pmnn,1p9n_26_pmnn,13.37434297571252
1p9n,27,pmnn,1p9n_27_pmnn,10.46065140057122
1p9n,28,pmnn,1p9n_28_pmnn,12.975229843118324
1p9n,29,pmnn,1p9n_29_pmnn,14.044905929794549
1p9n,30,pmnn,1p9n_30_pmnn,6.011951426047236
1p9n,31,pmnn,1p9n_31_pmnn,7.726119304084223
1p9n,32,pmnn,1p9n_32_pmnn,15.31880546745153
1p9n,33,pmnn,1p9n_33_pmnn,12.116646697368337
1p9n,34,pmnn,1p9n_34_pmnn,18.09488012744237
1p9n,35,pmnn,1p9n_35_pmnn,12.476435813814962
1p9n,36,pmnn,1p9n_36_pmnn,15.990652839900829
1p9n,37,pmnn,1p9n_37_pmnn,10.68593618433318
1p9n,38,pmnn,1p9n_38_pmnn,17.147533862472912
1p9n,39,pmnn,1p9n_39_pmnn,16.585793981950903
1p9n,40,pmnn,1p9n_40_pmnn,14.502368057783018
1p9n,41,pmnn,1p9n_41_pmnn,7.48839651907711
1p9n,42,pmnn,1p9n_42_pmnn,6.046725333396839
1p9n,43,pmnn,1p9n_43_pmnn,14.686503306412842
1p9n,44,pmnn,1p9n_44_pmnn,8.541502802725853
1p9n,45,pmnn,1p9n_45_pmnn,13.4053437388353
1p9n,46,pmnn,1p9n_46_pmnn,8.49654424960008
1p9n,47,pmnn,1p9n_47_pmnn,13.018236154412916
1p9n,48,pmnn,1p9n_48_pmnn,11.89459006146635
1p9n,49,pmnn,1p9n_49_pmnn,2.6333873780420194
1s7m,0,pmnn,1s7m_0_pmnn,2.39457527285531
1s7m,1,pmnn,1s7m_1_pmnn,3.3978816838493606
1s7m,2,pmnn,1s7m_2_pmnn,3.4508852855491443
1s7m,3,pmnn,1s7m_3_pmnn,1.304257585556153
1s7m,4,pmnn,1s7m_4_pmnn,1.455130159027378
1s7m,5,pmnn,1s7m_5_pmnn,3.49453690458267
1s7m,6,pmnn,1s7m_6_pmnn,1.9554328754487884
1s7m,7,pmnn,1s7m_7_pmnn,4.819393549961398
1s7m,8,pmnn,1s7m_8_pmnn,6.445083659019208
1s7m,9,pmnn,1s7m_9_pmnn,1.4440855260352845
1s7m,10,pmnn,1s7m_10_pmnn,3.5568871703314207
1s7m,11,pmnn,1s7m_11_pmnn,4.100743068920875
1s7m,12,pmnn,1s7m_12_pmnn,2.451164732799427
1s7m,13,pmnn,1s7m_13_pmnn,3.462306947721764
1s7m,14,pmnn,1s7m_14_pmnn,1.5174989197463
1s7m,15,pmnn,1s7m_15_pmnn,4.591337439797252
1s7m,16,pmnn,1s7m_16_pmnn,3.779260862058482
1s7m,17,pmnn,1s7m_17_pmnn,3.4339984647222304
1s7m,18,pmnn,1s7m_18_pmnn,1.4659164250523624
1s7m,19,pmnn,1s7m_19_pmnn,2.1099833585048016
1s7m,20,pmnn,1s7m_20_pmnn,1.6196415343454198
1s7m,21,pmnn,1s7m_21_pmnn,3.072444773009948
1s7m,22,pmnn,1s7m_22_pmnn,4.267178159379162
1s7m,23,pmnn,1s7m_23_pmnn,1.3560339549041636
1s7m,24,pmnn,1s7m_24_pmnn,3.427315623905137
1s7m,25,pmnn,1s7m_25_pmnn,2.1589935256001724
1s7m,26,pmnn,1s7m_26_pmnn,4.503011694766882
1s7m,27,pmnn,1s7m_27_pmnn,3.6086621733613136
1s7m,28,pmnn,1s7m_28_pmnn,1.6422871376787618
1s7m,29,pmnn,1s7m_29_pmnn,3.3743318370658346
1s7m,30,pmnn,1s7m_30_pmnn,1.773343006302962
1s7m,31,pmnn,1s7m_31_pmnn,1.6416015728739537
1s7m,32,pmnn,1s7m_32_pmnn,1.3494065569835776
1s7m,33,pmnn,1s7m_33_pmnn,1.6106277436529577
1s7m,34,pmnn,1s7m_34_pmnn,1.4369486586670084
1s7m,35,pmnn,1s7m_35_pmnn,1.6298790928149158
1s7m,36,pmnn,1s7m_36_pmnn,5.220926449331341
1s7m,37,pmnn,1s7m_37_pmnn,2.9921643584572
1s7m,38,pmnn,1s7m_38_pmnn,1.445156474878752
1s7m,39,pmnn,1s7m_39_pmnn,4.542041949711276
1s7m,40,pmnn,1s7m_40_pmnn,3.161250586958663
1s7m,41,pmnn,1s7m_41_pmnn,3.300901811579405
1s7m,42,pmnn,1s7m_42_pmnn,3.5451105913524663
1s7m,43,pmnn,1s7m_43_pmnn,2.905990659331741
1s7m,44,pmnn,1s7m_44_pmnn,1.6414379674734343
1s7m,45,pmnn,1s7m_45_pmnn,3.1926087970163417
1s7m,46,pmnn,1s7m_46_pmnn,3.1916936220394145
1s7m,47,pmnn,1s7m_47_pmnn,1.7152875530189176
1s7m,48,pmnn,1s7m_48_pmnn,1.9048220358167376
1s7m,49,pmnn,1s7m_49_pmnn,3.649706190791945
2e45,0,pmnn,2e45_0_pmnn,0.9221734932006932
2e45,1,pmnn,2e45_1_pmnn,0.970057125948543
2e45,2,pmnn,2e45_2_pmnn,0.8874762864223944
2e45,3,pmnn,2e45_3_pmnn,0.8402620544741402
2e45,4,pmnn,2e45_4_pmnn,0.8225156968530701
2e45,5,pmnn,2e45_5_pmnn,0.8315095840979275
2e45,6,pmnn,2e45_6_pmnn,5.662150926024296
2e45,7,pmnn,2e45_7_pmnn,1.6152263785757388
2e45,8,pmnn,2e45_8_pmnn,0.8861371002925551
2e45,9,pmnn,2e45_9_pmnn,1.0707826541186207
2e45,10,pmnn,2e45_10_pmnn,0.9728123476486544
2e45,11,pmnn,2e45_11_pmnn,1.0273561759117802
2e45,12,pmnn,2e45_12_pmnn,0.8278018925053389
2e45,13,pmnn,2e45_13_pmnn,0.9112928852431192
2e45,14,pmnn,2e45_14_pmnn,0.8777588125784678
2e45,15,pmnn,2e45_15_pmnn,8.173627473463773
2e45,16,pmnn,2e45_16_pmnn,0.8332764619964589
2e45,17,pmnn,2e45_17_pmnn,1.1269243386295615
2e45,18,pmnn,2e45_18_pmnn,0.999232225488997
2e45,19,pmnn,2e45_19_pmnn,0.9550172235718916
2e45,20,pmnn,2e45_20_pmnn,0.9562628246248492
2e45,21,pmnn,2e45_21_pmnn,0.7863532729436554
2e45,22,pmnn,2e45_22_pmnn,0.6837688264497956
2e45,23,pmnn,2e45_23_pmnn,0.8428283301457706
2e45,24,pmnn,2e45_24_pmnn,0.7486196752768148
2e45,25,pmnn,2e45_25_pmnn,0.7839340278747444
2e45,26,pmnn,2e45_26_pmnn,0.8354630222313895
2e45,27,pmnn,2e45_27_pmnn,1.0479387823349635
2e45,28,pmnn,2e45_28_pmnn,0.991735776714485
2e45,29,pmnn,2e45_29_pmnn,0.8819489785666651
2e45,30,pmnn,2e45_30_pmnn,0.882858527621299
2e45,31,pmnn,2e45_31_pmnn,1.058711157582116
2e45,32,pmnn,2e45_32_pmnn,6.930981165396536
2e45,33,pmnn,2e45_33_pmnn,0.7914894409020186
2e45,34,pmnn,2e45_34_pmnn,0.7240776382922197
2e45,35,pmnn,2e45_35_pmnn,0.9904350415696268
2e45,36,pmnn,2e45_36_pmnn,1.2086509056596622
2e45,37,pmnn,2e45_37_pmnn,16.109357538576965
2e45,38,pmnn,2e45_38_pmnn,1.2334869330956435
2e45,39,pmnn,2e45_39_pmnn,0.983274056108104
2e45,40,pmnn,2e45_40_pmnn,1.6591375775966242
2e45,41,pmnn,2e45_41_pmnn,0.7999652025698931
2e45,42,pmnn,2e45_42_pmnn,0.9462822926590186
2e45,43,pmnn,2e45_43_pmnn,3.561680330654106
2e45,44,pmnn,2e45_44_pmnn,0.905139488614901
2e45,45,pmnn,2e45_45_pmnn,0.7272644005386417
2e45,46,pmnn,2e45_46_pmnn,0.7405082438451593
2e45,47,pmnn,2e45_47_pmnn,8.510366572066047
2e45,48,pmnn,2e45_48_pmnn,0.8226369838442406
2e45,49,pmnn,2e45_49_pmnn,1.0048870728568
2kxq,0,pmnn,2kxq_0_pmnn,1.309761994073653
2kxq,1,pmnn,2kxq_1_pmnn,1.0690636470178574
2kxq,2,pmnn,2kxq_2_pmnn,0.8922591270292779
2kxq,3,pmnn,2kxq_3_pmnn,1.4022283395014787
2kxq,4,pmnn,2kxq_4_pmnn,0.9734542820740634
2kxq,5,pmnn,2kxq_5_pmnn,1.0465667422597718
2kxq,6,pmnn,2kxq_6_pmnn,1.9147985006086
2kxq,7,pmnn,2kxq_7_pmnn,1.0675251774197407
2kxq,8,pmnn,2kxq_8_pmnn,1.0217593657448036
2kxq,9,pmnn,2kxq_9_pmnn,1.5935427063413123
2kxq,10,pmnn,2kxq_10_pmnn,1.5963125533570708
2kxq,11,pmnn,2kxq_11_pmnn,0.979977995307562
2kxq,12,pmnn,2kxq_12_pmnn,1.496395570009811
2kxq,13,pmnn,2kxq_13_pmnn,1.166560853973489
2kxq,14,pmnn,2kxq_14_pmnn,1.8619839868727672
2kxq,15,pmnn,2kxq_15_pmnn,1.268847196517192
2kxq,16,pmnn,2kxq_16_pmnn,1.2059527833129458
2kxq,17,pmnn,2kxq_17_pmnn,1.389339787512765
2kxq,18,pmnn,2kxq_18_pmnn,1.386432663326187
2kxq,19,pmnn,2kxq_19_pmnn,1.1260955703542086
2kxq,20,pmnn,2kxq_20_pmnn,1.1163770674959477
2kxq,21,pmnn,2kxq_21_pmnn,1.2110665595077852
2kxq,22,pmnn,2kxq_22_pmnn,1.301794686430738
2kxq,23,pmnn,2kxq_23_pmnn,1.6300592356334758
2kxq,24,pmnn,2kxq_24_pmnn,1.4533718432710991
2kxq,25,pmnn,2kxq_25_pmnn,1.2735471214120622
2kxq,26,pmnn,2kxq_26_pmnn,1.5756428249409582
2kxq,27,pmnn,2kxq_27_pmnn,1.0304885673400843
2kxq,28,pmnn,2kxq_28_pmnn,1.1695639918927048
2kxq,29,pmnn,2kxq_29_pmnn,1.2465573778714254
2kxq,30,pmnn,2kxq_30_pmnn,1.1028412451258267
2kxq,31,pmnn,2kxq_31_pmnn,1.041601901266235
2kxq,32,pmnn,2kxq_32_pmnn,1.0014291881883035
2kxq,33,pmnn,2kxq_33_pmnn,3.2019185593219888
2kxq,34,pmnn,2kxq_34_pmnn,0.9901530957895366
2kxq,35,pmnn,2kxq_35_pmnn,1.611598294506431
2kxq,36,pmnn,2kxq_36_pmnn,0.9859629825738802
2kxq,37,pmnn,2kxq_37_pmnn,1.6205505196271477
2kxq,38,pmnn,2kxq_38_pmnn,0.9422511950672776
2kxq,39,pmnn,2kxq_39_pmnn,1.046705818739863
2kxq,40,pmnn,2kxq_40_pmnn,1.1174366777587246
2kxq,41,pmnn,2kxq_41_pmnn,1.3704099161629966
2kxq,42,pmnn,2kxq_42_pmnn,1.0613649775837133
2kxq,43,pmnn,2kxq_43_pmnn,2.730596568654528
2kxq,44,pmnn,2kxq_44_pmnn,1.5331545449110937
2kxq,45,pmnn,2kxq_45_pmnn,1.6648249304817746
2kxq,46,pmnn,2kxq_46_pmnn,1.090486580737123
2kxq,47,pmnn,2kxq_47_pmnn,1.1815013019405536
2kxq,48,pmnn,2kxq_48_pmnn,1.1903232408998552
2kxq,49,pmnn,2kxq_49_pmnn,1.3477681136581938
3clq,,kcm,,0.410585870368238
3clq,,kcm,,0.4249705597681542
3clq,,kcm,,0.3813317097626841
3clq,,kcm,,0.4482448711530255
3clq,,kcm,,0.5360740784841708
3clq,,kcm,,0.4694678964776719
3clq,,kcm,,0.4095493367671894
3clq,,kcm,,0.4823341697067013
3clq,,kcm,,0.4156759212639135
3clq,,kcm,,0.3837049057988556
3clq,,kcm,,0.366099662752255
3clq,,kcm,,0.5205822767267165
3clq,,kcm,,0.4599013651674824
3clq,,kcm,,0.4104120092886131
3clq,,kcm,,0.4438499819159273
3clq,,kcm,,0.5382582805930654
2oar,,kcm,,0.3326234677308116
3clq,,kcm,,0.515243972729943
2oar,,kcm,,0.350490066293441
3clq,,kcm,,0.4737473468244141
3clq,,kcm,,0.512469432663569
3clq,,kcm,,0.4568703167270524
3clq,,kcm,,0.4747561689077663
3clq,,kcm,,0.502882505595888
3clq,,kcm,,0.5354282874910917
2oar,,kcm,,0.3123445994001297
3clq,,kcm,,0.4664151621443835
3clq,,kcm,,0.4746144498189128
3clq,,kcm,,0.4210724116037275
3clq,,kcm,,0.4781746805075666
3clq,,kcm,,0.4993308694289601
3m9q,,kcm,,0.4183684876001018
3clq,,kcm,,0.4783235125358707
3clq,,kcm,,0.415012464028002
2oar,,kcm,,0.3807066322010665
3clq,,kcm,,0.5225316805981362
2oar,,kcm,,0.4252599787249225
3clq,,kcm,,0.4526162834526283
3clq,,kcm,,0.5857689863696485
3clq,,kcm,,0.5254164596244428
3clq,,kcm,,0.4602973736892907
3clq,,kcm,,0.4104843973768743
2oar,,kcm,,0.4545069719187277
3clq,,kcm,,0.413834212826312
3clq,,kcm,,0.6533989841448509
3clq,,kcm,,0.4384171143800801
3m9q,,kcm,,0.378911751082018
3clq,,kcm,,0.6179408577561794
3clq,,kcm,,0.559925366752515
2oar,,kcm,,0.4485501203658128
