proteina,posicion sec,disenador,nombre,GDT_TS
1msl,0,pmnn,1msl_0_pmnn,0.4236111111111111
1msl,1,pmnn,1msl_1_pmnn,0.6875
1msl,2,pmnn,1msl_2_pmnn,0.8541666666666666
1msl,3,pmnn,1msl_3_pmnn,0.59375
1msl,4,pmnn,1msl_4_pmnn,0.8784722222222222
1msl,5,pmnn,1msl_5_pmnn,0.6319444444444444
1msl,6,pmnn,1msl_6_pmnn,0.8854166666666666
1msl,7,pmnn,1msl_7_pmnn,0.8645833333333334
1msl,8,pmnn,1msl_8_pmnn,0.8680555555555556
1msl,9,pmnn,1msl_9_pmnn,0.8541666666666666
1msl,10,pmnn,1msl_10_pmnn,0.8645833333333334
1msl,11,pmnn,1msl_11_pmnn,0.6180555555555556
1msl,12,pmnn,1msl_12_pmnn,0.6701388888888888
1msl,13,pmnn,1msl_13_pmnn,0.8506944444444444
1msl,14,pmnn,1msl_14_pmnn,0.9166666666666666
1msl,15,pmnn,1msl_15_pmnn,0.5451388888888888
1msl,16,pmnn,1msl_16_pmnn,0.8611111111111112
1msl,17,pmnn,1msl_17_pmnn,0.5902777777777778
1msl,18,pmnn,1msl_18_pmnn,0.4305555555555556
1msl,19,pmnn,1msl_19_pmnn,0.8125
1msl,20,pmnn,1msl_20_pmnn,0.8645833333333334
1msl,21,pmnn,1msl_21_pmnn,0.8715277777777778
1msl,22,pmnn,1msl_22_pmnn,0.8888888888888888
1msl,23,pmnn,1msl_23_pmnn,0.875
1msl,24,pmnn,1msl_24_pmnn,0.8784722222222222
1msl,25,pmnn,1msl_25_pmnn,0.8819444444444444
1msl,26,pmnn,1msl_26_pmnn,0.4548611111111111
1msl,27,pmnn,1msl_27_pmnn,0.4895833333333333
1msl,28,pmnn,1msl_28_pmnn,0.5138888888888888
1msl,29,pmnn,1msl_29_pmnn,0.8576388888888888
1msl,30,pmnn,1msl_30_pmnn,0.8784722222222222
1msl,31,pmnn,1msl_31_pmnn,0.8784722222222222
1msl,32,pmnn,1msl_32_pmnn,0.7430555555555556
1msl,33,pmnn,1msl_33_pmnn,0.8680555555555556
1msl,34,pmnn,1msl_34_pmnn,0.8715277777777778
1msl,35,pmnn,1msl_35_pmnn,0.8576388888888888
1msl,36,pmnn,1msl_36_pmnn,0.8402777777777778
1msl,37,pmnn,1msl_37_pmnn,0.6041666666666666
1msl,38,pmnn,1msl_38_pmnn,0.9513888888888888
1msl,39,pmnn,1msl_39_pmnn,0.8680555555555556
1msl,40,pmnn,1msl_40_pmnn,0.8611111111111112
1msl,41,pmnn,1msl_41_pmnn,0.8645833333333334
1msl,42,pmnn,1msl_42_pmnn,0.8611111111111112
1msl,43,pmnn,1msl_43_pmnn,0.8715277777777778
1msl,44,pmnn,1msl_44_pmnn,0.8645833333333334
1msl,45,pmnn,1msl_45_pmnn,0.6840277777777778
1msl,46,pmnn,1msl_46_pmnn,0.8715277777777778
1msl,47,pmnn,1msl_47_pmnn,0.6875
1msl,48,pmnn,1msl_48_pmnn,0.6041666666666666
1msl,49,pmnn,1msl_49_pmnn,0.8715277777777778
3clq,0,pmnn,3clq_0_pmnn,0.9914772727272728
3clq,1,pmnn,3clq_1_pmnn,0.8267045454545454
3clq,2,pmnn,3clq_2_pmnn,0.6392045454545454
3clq,3,pmnn,3clq_3_pmnn,0.9772727272727272
3clq,4,pmnn,3clq_4_pmnn,0.8068181818181818
3clq,5,pmnn,3clq_5_pmnn,0.9886363636363636
3clq,6,pmnn,3clq_6_pmnn,0.7215909090909091
3clq,7,pmnn,3clq_7_pmnn,0.9829545454545454
3clq,8,pmnn,3clq_8_pmnn,0.6590909090909091
3clq,9,pmnn,3clq_9_pmnn,0.9971590909090908
3clq,10,pmnn,3clq_10_pmnn,0.8380681818181818
3clq,11,pmnn,3clq_11_pmnn,0.8153409090909091
3clq,12,pmnn,3clq_12_pmnn,0.9943181818181818
3clq,13,pmnn,3clq_13_pmnn,0.3267045454545454
3clq,14,pmnn,3clq_14_pmnn,0.3920454545454545
3clq,15,pmnn,3clq_15_pmnn,0.9914772727272728
3clq,16,pmnn,3clq_16_pmnn,0.9943181818181818
3clq,17,pmnn,3clq_17_pmnn,0.9857954545454546
3clq,18,pmnn,3clq_18_pmnn,0.8181818181818182
3clq,19,pmnn,3clq_19_pmnn,0.9346590909090908
3clq,20,pmnn,3clq_20_pmnn,0.9914772727272728
3clq,21,pmnn,3clq_21_pmnn,0.7897727272727273
3clq,22,pmnn,3clq_22_pmnn,0.4375
3clq,23,pmnn,3clq_23_pmnn,0.9914772727272728
3clq,24,pmnn,3clq_24_pmnn,0.6477272727272727
3clq,25,pmnn,3clq_25_pmnn,0.9886363636363636
3clq,26,pmnn,3clq_26_pmnn,0.8323863636363636
3clq,27,pmnn,3clq_27_pmnn,0.3948863636363636
3clq,28,pmnn,3clq_28_pmnn,0.3892045454545454
3clq,29,pmnn,3clq_29_pmnn,0.7755681818181818
3clq,30,pmnn,3clq_30_pmnn,0.2357954545454545
3clq,31,pmnn,3clq_31_pmnn,0.4034090909090909
3clq,32,pmnn,3clq_32_pmnn,0.96875
3clq,33,pmnn,3clq_33_pmnn,0.5596590909090909
3clq,34,pmnn,3clq_34_pmnn,0.9801136363636364
3clq,35,pmnn,3clq_35_pmnn,0.2982954545454545
3clq,36,pmnn,3clq_36_pmnn,0.9857954545454546
3clq,37,pmnn,3clq_37_pmnn,0.8522727272727273
3clq,38,pmnn,3clq_38_pmnn,0.9943181818181818
3clq,39,pmnn,3clq_39_pmnn,0.9886363636363636
3clq,40,pmnn,3clq_40_pmnn,0.8039772727272727
3clq,41,pmnn,3clq_41_pmnn,0.9914772727272728
3clq,42,pmnn,3clq_42_pmnn,0.4431818181818182
3clq,43,pmnn,3clq_43_pmnn,0.7840909090909091
3clq,44,pmnn,3clq_44_pmnn,0.5738636363636364
3clq,45,pmnn,3clq_45_pmnn,0.8096590909090909
3clq,46,pmnn,3clq_46_pmnn,0.9573863636363636
3clq,47,pmnn,3clq_47_pmnn,0.9886363636363636
3clq,48,pmnn,3clq_48_pmnn,0.9715909090909092
3clq,49,pmnn,3clq_49_pmnn,0.3267045454545454
1r5l,0,pmnn,1r5l_0_pmnn,0.2958333333333333
1r5l,1,pmnn,1r5l_1_pmnn,0.275
1r5l,2,pmnn,1r5l_2_pmnn,0.375
1r5l,3,pmnn,1r5l_3_pmnn,0.5041666666666667
1r5l,4,pmnn,1r5l_4_pmnn,0.3541666666666667
1r5l,5,pmnn,1r5l_5_pmnn,0.2916666666666667
1r5l,6,pmnn,1r5l_6_pmnn,0.375
1r5l,7,pmnn,1r5l_7_pmnn,0.3958333333333333
1r5l,8,pmnn,1r5l_8_pmnn,0.4458333333333333
1r5l,9,pmnn,1r5l_9_pmnn,0.4416666666666666
1r5l,10,pmnn,1r5l_10_pmnn,0.5083333333333333
1r5l,11,pmnn,1r5l_11_pmnn,0.2916666666666667
1r5l,12,pmnn,1r5l_12_pmnn,0.4583333333333333
1r5l,13,pmnn,1r5l_13_pmnn,0.3583333333333333
1r5l,14,pmnn,1r5l_14_pmnn,0.2666666666666666
1r5l,15,pmnn,1r5l_15_pmnn,0.4958333333333333
1r5l,16,pmnn,1r5l_16_pmnn,0.3208333333333333
1r5l,17,pmnn,1r5l_17_pmnn,0.4333333333333333
1r5l,18,pmnn,1r5l_18_pmnn,0.2666666666666666
1r5l,19,pmnn,1r5l_19_pmnn,0.4833333333333333
1r5l,20,pmnn,1r5l_20_pmnn,0.2875
1r5l,21,pmnn,1r5l_21_pmnn,0.5458333333333333
1r5l,22,pmnn,1r5l_22_pmnn,0.5291666666666667
1r5l,23,pmnn,1r5l_23_pmnn,0.2833333333333333
1r5l,24,pmnn,1r5l_24_pmnn,0.35
1r5l,25,pmnn,1r5l_25_pmnn,0.2791666666666667
1r5l,26,pmnn,1r5l_26_pmnn,0.3708333333333333
1r5l,27,pmnn,1r5l_27_pmnn,0.5208333333333334
1r5l,28,pmnn,1r5l_28_pmnn,0.3958333333333333
1r5l,29,pmnn,1r5l_29_pmnn,0.425
1r5l,30,pmnn,1r5l_30_pmnn,0.3125
1r5l,31,pmnn,1r5l_31_pmnn,0.5416666666666666
1r5l,32,pmnn,1r5l_32_pmnn,0.3375
1r5l,33,pmnn,1r5l_33_pmnn,0.2625
1r5l,34,pmnn,1r5l_34_pmnn,0.275
1r5l,35,pmnn,1r5l_35_pmnn,0.3125
1r5l,36,pmnn,1r5l_36_pmnn,0.3083333333333333
1r5l,37,pmnn,1r5l_37_pmnn,0.4833333333333333
1r5l,38,pmnn,1r5l_38_pmnn,0.4958333333333333
1r5l,39,pmnn,1r5l_39_pmnn,0.525
1r5l,40,pmnn,1r5l_40_pmnn,0.275
1r5l,41,pmnn,1r5l_41_pmnn,0.2541666666666666
1r5l,42,pmnn,1r5l_42_pmnn,0.375
1r5l,43,pmnn,1r5l_43_pmnn,0.3958333333333333
1r5l,44,pmnn,1r5l_44_pmnn,0.3083333333333333
1r5l,45,pmnn,1r5l_45_pmnn,0.2875
1r5l,46,pmnn,1r5l_46_pmnn,0.4958333333333333
1r5l,47,pmnn,1r5l_47_pmnn,0.4875
1r5l,48,pmnn,1r5l_48_pmnn,0.2833333333333333
1r5l,49,pmnn,1r5l_49_pmnn,0.3541666666666667
2lkm,0,pmnn,2lkm_0_pmnn,0.9301470588235294
2lkm,1,pmnn,2lkm_1_pmnn,0.7683823529411765
2lkm,2,pmnn,2lkm_2_pmnn,0.5625
2lkm,3,pmnn,2lkm_3_pmnn,0.9779411764705882
2lkm,4,pmnn,2lkm_4_pmnn,0.5404411764705882
2lkm,5,pmnn,2lkm_5_pmnn,0.8235294117647058
2lkm,6,pmnn,2lkm_6_pmnn,0.8933823529411765
2lkm,7,pmnn,2lkm_7_pmnn,0.9338235294117648
2lkm,8,pmnn,2lkm_8_pmnn,0.5698529411764706
2lkm,9,pmnn,2lkm_9_pmnn,0.5919117647058824
2lkm,10,pmnn,2lkm_10_pmnn,0.2316176470588235
2lkm,11,pmnn,2lkm_11_pmnn,0.9264705882352942
2lkm,12,pmnn,2lkm_12_pmnn,0.3860294117647059
2lkm,13,pmnn,2lkm_13_pmnn,0.4154411764705882
2lkm,14,pmnn,2lkm_14_pmnn,0.8823529411764706
2lkm,15,pmnn,2lkm_15_pmnn,0.9889705882352942
2lkm,16,pmnn,2lkm_16_pmnn,0.9191176470588236
2lkm,17,pmnn,2lkm_17_pmnn,0.9816176470588236
2lkm,18,pmnn,2lkm_18_pmnn,0.2169117647058823
2lkm,19,pmnn,2lkm_19_pmnn,0.9375
2lkm,20,pmnn,2lkm_20_pmnn,0.9448529411764706
2lkm,21,pmnn,2lkm_21_pmnn,0.3051470588235294
2lkm,22,pmnn,2lkm_22_pmnn,0.9375
2lkm,23,pmnn,2lkm_23_pmnn,0.6875
2lkm,24,pmnn,2lkm_24_pmnn,0.6580882352941176
2lkm,25,pmnn,2lkm_25_pmnn,0.9227941176470588
2lkm,26,pmnn,2lkm_26_pmnn,0.5257352941176471
2lkm,27,pmnn,2lkm_27_pmnn,0.9448529411764706
2lkm,28,pmnn,2lkm_28_pmnn,0.9191176470588236
2lkm,29,pmnn,2lkm_29_pmnn,0.9558823529411764
2lkm,30,pmnn,2lkm_30_pmnn,0.5441176470588235
2lkm,31,pmnn,2lkm_31_pmnn,0.3455882352941176
2lkm,32,pmnn,2lkm_32_pmnn,0.4411764705882353
2lkm,33,pmnn,2lkm_33_pmnn,0.9522058823529412
2lkm,34,pmnn,2lkm_34_pmnn,0.9448529411764706
2lkm,35,pmnn,2lkm_35_pmnn,0.6029411764705882
2lkm,36,pmnn,2lkm_36_pmnn,0.9264705882352942
2lkm,37,pmnn,2lkm_37_pmnn,0.9558823529411764
2lkm,38,pmnn,2lkm_38_pmnn,0.9117647058823528
2lkm,39,pmnn,2lkm_39_pmnn,0.3014705882352941
2lkm,40,pmnn,2lkm_40_pmnn,0.9154411764705882
2lkm,41,pmnn,2lkm_41_pmnn,0.9742647058823528
2lkm,42,pmnn,2lkm_42_pmnn,0.3455882352941176
2lkm,43,pmnn,2lkm_43_pmnn,0.7904411764705882
2lkm,44,pmnn,2lkm_44_pmnn,0.9632352941176472
2lkm,45,pmnn,2lkm_45_pmnn,0.4007352941176471
2lkm,46,pmnn,2lkm_46_pmnn,0.5330882352941176
2lkm,47,pmnn,2lkm_47_pmnn,0.9154411764705882
2lkm,48,pmnn,2lkm_48_pmnn,0.9595588235294118
2lkm,49,pmnn,2lkm_49_pmnn,0.8897058823529411
2oar,0,pmnn,2oar_0_pmnn,0.9264705882352942
2oar,1,pmnn,2oar_1_pmnn,0.9963235294117648
2oar,2,pmnn,2oar_2_pmnn,0.9926470588235294
2oar,3,pmnn,2oar_3_pmnn,0.9963235294117648
2oar,4,pmnn,2oar_4_pmnn,0.9963235294117648
2oar,5,pmnn,2oar_5_pmnn,0.9963235294117648
2oar,6,pmnn,2oar_6_pmnn,0.6323529411764706
2oar,7,pmnn,2oar_7_pmnn,0.9926470588235294
2oar,8,pmnn,2oar_8_pmnn,0.9963235294117648
2oar,9,pmnn,2oar_9_pmnn,0.9963235294117648
2oar,10,pmnn,2oar_10_pmnn,0.9926470588235294
2oar,11,pmnn,2oar_11_pmnn,0.9889705882352942
2oar,12,pmnn,2oar_12_pmnn,0.9963235294117648
2oar,13,pmnn,2oar_13_pmnn,0.9963235294117648
2oar,14,pmnn,2oar_14_pmnn,0.9963235294117648
2oar,15,pmnn,2oar_15_pmnn,0.9963235294117648
2oar,16,pmnn,2oar_16_pmnn,0.9926470588235294
2oar,17,pmnn,2oar_17_pmnn,0.9963235294117648
2oar,18,pmnn,2oar_18_pmnn,0.9963235294117648
2oar,19,pmnn,2oar_19_pmnn,0.9963235294117648
2oar,20,pmnn,2oar_20_pmnn,0.9963235294117648
2oar,21,pmnn,2oar_21_pmnn,0.9963235294117648
2oar,22,pmnn,2oar_22_pmnn,0.9963235294117648
2oar,23,pmnn,2oar_23_pmnn,0.6397058823529411
2oar,24,pmnn,2oar_24_pmnn,0.9963235294117648
2oar,25,pmnn,2oar_25_pmnn,0.9963235294117648
2oar,26,pmnn,2oar_26_pmnn,0.9926470588235294
2oar,27,pmnn,2oar_27_pmnn,0.9963235294117648
2oar,28,pmnn,2oar_28_pmnn,0.9963235294117648
2oar,29,pmnn,2oar_29_pmnn,0.9963235294117648
2oar,30,pmnn,2oar_30_pmnn,0.9963235294117648
2oar,31,pmnn,2oar_31_pmnn,0.9889705882352942
2oar,32,pmnn,2oar_32_pmnn,0.9963235294117648
2oar,33,pmnn,2oar_33_pmnn,0.9889705882352942
2oar,34,pmnn,2oar_34_pmnn,0.9963235294117648
2oar,35,pmnn,2oar_35_pmnn,0.9963235294117648
2oar,36,pmnn,2oar_36_pmnn,0.9852941176470588
2oar,37,pmnn,2oar_37_pmnn,0.9963235294117648
2oar,38,pmnn,2oar_38_pmnn,0.9852941176470588
2oar,39,pmnn,2oar_39_pmnn,0.9963235294117648
2oar,40,pmnn,2oar_40_pmnn,0.8455882352941176
2oar,41,pmnn,2oar_41_pmnn,0.4448529411764705
2oar,42,pmnn,2oar_42_pmnn,0.9889705882352942
2oar,43,pmnn,2oar_43_pmnn,0.9963235294117648
2oar,44,pmnn,2oar_44_pmnn,0.9963235294117648
2oar,45,pmnn,2oar_45_pmnn,0.4264705882352941
2oar,46,pmnn,2oar_46_pmnn,0.7169117647058824
2oar,47,pmnn,2oar_47_pmnn,0.9963235294117648
2oar,48,pmnn,2oar_48_pmnn,0.9963235294117648
2oar,49,pmnn,2oar_49_pmnn,0.9963235294117648
2qiw,0,pmnn,2qiw_0_pmnn,0.9638157894736842
2qiw,1,pmnn,2qiw_1_pmnn,0.944078947368421
2qiw,2,pmnn,2qiw_2_pmnn,0.9342105263157896
2qiw,3,pmnn,2qiw_3_pmnn,0.8322368421052632
2qiw,4,pmnn,2qiw_4_pmnn,0.9473684210526316
2qiw,5,pmnn,2qiw_5_pmnn,0.9375
2qiw,6,pmnn,2qiw_6_pmnn,0.7269736842105263
2qiw,7,pmnn,2qiw_7_pmnn,0.9375
2qiw,8,pmnn,2qiw_8_pmnn,0.9342105263157896
2qiw,9,pmnn,2qiw_9_pmnn,0.9407894736842104
2qiw,10,pmnn,2qiw_10_pmnn,0.9802631578947368
2qiw,11,pmnn,2qiw_11_pmnn,0.930921052631579
2qiw,12,pmnn,2qiw_12_pmnn,0.9572368421052632
2qiw,13,pmnn,2qiw_13_pmnn,0.9638157894736842
2qiw,14,pmnn,2qiw_14_pmnn,0.9111842105263158
2qiw,15,pmnn,2qiw_15_pmnn,0.8881578947368421
2qiw,16,pmnn,2qiw_16_pmnn,0.9539473684210528
2qiw,17,pmnn,2qiw_17_pmnn,0.9473684210526316
2qiw,18,pmnn,2qiw_18_pmnn,0.9375
2qiw,19,pmnn,2qiw_19_pmnn,0.9342105263157896
2qiw,20,pmnn,2qiw_20_pmnn,0.9638157894736842
2qiw,21,pmnn,2qiw_21_pmnn,0.9375
2qiw,22,pmnn,2qiw_22_pmnn,0.944078947368421
2qiw,23,pmnn,2qiw_23_pmnn,0.944078947368421
2qiw,24,pmnn,2qiw_24_pmnn,0.9605263157894736
2qiw,25,pmnn,2qiw_25_pmnn,0.930921052631579
2qiw,26,pmnn,2qiw_26_pmnn,0.9375
2qiw,27,pmnn,2qiw_27_pmnn,0.9375
2qiw,28,pmnn,2qiw_28_pmnn,0.9342105263157896
2qiw,29,pmnn,2qiw_29_pmnn,0.8388157894736842
2qiw,30,pmnn,2qiw_30_pmnn,0.9539473684210528
2qiw,31,pmnn,2qiw_31_pmnn,0.9802631578947368
2qiw,32,pmnn,2qiw_32_pmnn,0.9342105263157896
2qiw,33,pmnn,2qiw_33_pmnn,0.9703947368421052
2qiw,34,pmnn,2qiw_34_pmnn,0.944078947368421
2qiw,35,pmnn,2qiw_35_pmnn,0.9638157894736842
2qiw,36,pmnn,2qiw_36_pmnn,0.9605263157894736
2qiw,37,pmnn,2qiw_37_pmnn,0.9046052631578948
2qiw,38,pmnn,2qiw_38_pmnn,0.9210526315789472
2qiw,39,pmnn,2qiw_39_pmnn,0.950657894736842
2qiw,40,pmnn,2qiw_40_pmnn,0.993421052631579
2qiw,41,pmnn,2qiw_41_pmnn,0.9572368421052632
2qiw,42,pmnn,2qiw_42_pmnn,0.9638157894736842
2qiw,43,pmnn,2qiw_43_pmnn,0.9210526315789472
2qiw,44,pmnn,2qiw_44_pmnn,0.8519736842105263
2qiw,45,pmnn,2qiw_45_pmnn,0.9473684210526316
2qiw,46,pmnn,2qiw_46_pmnn,0.9605263157894736
2qiw,47,pmnn,2qiw_47_pmnn,0.8618421052631579
2qiw,48,pmnn,2qiw_48_pmnn,0.9539473684210528
2qiw,49,pmnn,2qiw_49_pmnn,0.950657894736842
2qq8,0,pmnn,2qq8_0_pmnn,0.4375
2qq8,1,pmnn,2qq8_1_pmnn,0.4539473684210526
2qq8,2,pmnn,2qq8_2_pmnn,0.3059210526315789
2qq8,3,pmnn,2qq8_3_pmnn,0.5098684210526315
2qq8,4,pmnn,2qq8_4_pmnn,0.2072368421052631
2qq8,5,pmnn,2qq8_5_pmnn,0.2138157894736842
2qq8,6,pmnn,2qq8_6_pmnn,0.3848684210526316
2qq8,7,pmnn,2qq8_7_pmnn,0.2828947368421052
2qq8,8,pmnn,2qq8_8_pmnn,0.2565789473684211
2qq8,9,pmnn,2qq8_9_pmnn,0.3782894736842105
2qq8,10,pmnn,2qq8_10_pmnn,0.4967105263157895
2qq8,11,pmnn,2qq8_11_pmnn,0.3092105263157895
2qq8,12,pmnn,2qq8_12_pmnn,0.4013157894736842
2qq8,13,pmnn,2qq8_13_pmnn,0.2565789473684211
2qq8,14,pmnn,2qq8_14_pmnn,0.2171052631578947
2qq8,15,pmnn,2qq8_15_pmnn,0.4046052631578947
2qq8,16,pmnn,2qq8_16_pmnn,0.1578947368421052
2qq8,17,pmnn,2qq8_17_pmnn,0.2138157894736842
2qq8,18,pmnn,2qq8_18_pmnn,0.2171052631578947
2qq8,19,pmnn,2qq8_19_pmnn,0.2105263157894736
2qq8,20,pmnn,2qq8_20_pmnn,0.2335526315789473
2qq8,21,pmnn,2qq8_21_pmnn,0.2006578947368421
2qq8,22,pmnn,2qq8_22_pmnn,0.2335526315789473
2qq8,23,pmnn,2qq8_23_pmnn,0.2828947368421052
2qq8,24,pmnn,2qq8_24_pmnn,0.3125
2qq8,25,pmnn,2qq8_25_pmnn,0.2138157894736842
2qq8,26,pmnn,2qq8_26_pmnn,0.2006578947368421
2qq8,27,pmnn,2qq8_27_pmnn,0.3782894736842105
2qq8,28,pmnn,2qq8_28_pmnn,0.3914473684210526
2qq8,29,pmnn,2qq8_29_pmnn,0.2269736842105263
2qq8,30,pmnn,2qq8_30_pmnn,0.2861842105263157
2qq8,31,pmnn,2qq8_31_pmnn,0.375
2qq8,32,pmnn,2qq8_32_pmnn,0.2796052631578947
2qq8,33,pmnn,2qq8_33_pmnn,0.1809210526315789
2qq8,34,pmnn,2qq8_34_pmnn,0.4013157894736842
2qq8,35,pmnn,2qq8_35_pmnn,0.2072368421052631
2qq8,36,pmnn,2qq8_36_pmnn,0.1973684210526315
2qq8,37,pmnn,2qq8_37_pmnn,0.2335526315789473
2qq8,38,pmnn,2qq8_38_pmnn,0.2960526315789473
2qq8,39,pmnn,2qq8_39_pmnn,0.2730263157894737
2qq8,40,pmnn,2qq8_40_pmnn,0.4671052631578947
2qq8,41,pmnn,2qq8_41_pmnn,0.2236842105263158
2qq8,42,pmnn,2qq8_42_pmnn,0.2664473684210526
2qq8,43,pmnn,2qq8_43_pmnn,0.4342105263157895
2qq8,44,pmnn,2qq8_44_pmnn,0.2828947368421052
2qq8,45,pmnn,2qq8_45_pmnn,0.2072368421052631
2qq8,46,pmnn,2qq8_46_pmnn,0.3322368421052631
2qq8,47,pmnn,2qq8_47_pmnn,0.2039473684210526
2qq8,48,pmnn,2qq8_48_pmnn,0.3453947368421052
2qq8,49,pmnn,2qq8_49_pmnn,0.3782894736842105
3c8v,0,pmnn,3c8v_0_pmnn,0.9802631578947368
3c8v,1,pmnn,3c8v_1_pmnn,0.9276315789473684
3c8v,2,pmnn,3c8v_2_pmnn,0.9835526315789472
3c8v,3,pmnn,3c8v_3_pmnn,0.5723684210526315
3c8v,4,pmnn,3c8v_4_pmnn,0.9572368421052632
3c8v,5,pmnn,3c8v_5_pmnn,0.9375
3c8v,6,pmnn,3c8v_6_pmnn,0.944078947368421
3c8v,7,pmnn,3c8v_7_pmnn,0.9638157894736842
3c8v,8,pmnn,3c8v_8_pmnn,0.9769736842105264
3c8v,9,pmnn,3c8v_9_pmnn,0.9835526315789472
3c8v,10,pmnn,3c8v_10_pmnn,0.950657894736842
3c8v,11,pmnn,3c8v_11_pmnn,0.9473684210526316
3c8v,12,pmnn,3c8v_12_pmnn,0.9703947368421052
3c8v,13,pmnn,3c8v_13_pmnn,0.9539473684210528
3c8v,14,pmnn,3c8v_14_pmnn,0.9671052631578948
3c8v,15,pmnn,3c8v_15_pmnn,0.9210526315789472
3c8v,16,pmnn,3c8v_16_pmnn,0.2302631578947368
3c8v,17,pmnn,3c8v_17_pmnn,0.9967105263157896
3c8v,18,pmnn,3c8v_18_pmnn,0.6677631578947368
3c8v,19,pmnn,3c8v_19_pmnn,0.9276315789473684
3c8v,20,pmnn,3c8v_20_pmnn,0.9769736842105264
3c8v,21,pmnn,3c8v_21_pmnn,0.9671052631578948
3c8v,22,pmnn,3c8v_22_pmnn,0.9802631578947368
3c8v,23,pmnn,3c8v_23_pmnn,0.9703947368421052
3c8v,24,pmnn,3c8v_24_pmnn,0.9835526315789472
3c8v,25,pmnn,3c8v_25_pmnn,0.9802631578947368
3c8v,26,pmnn,3c8v_26_pmnn,0.5230263157894737
3c8v,27,pmnn,3c8v_27_pmnn,0.9703947368421052
3c8v,28,pmnn,3c8v_28_pmnn,0.8914473684210527
3c8v,29,pmnn,3c8v_29_pmnn,0.9572368421052632
3c8v,30,pmnn,3c8v_30_pmnn,0.986842105263158
3c8v,31,pmnn,3c8v_31_pmnn,0.9671052631578948
3c8v,32,pmnn,3c8v_32_pmnn,0.9736842105263158
3c8v,33,pmnn,3c8v_33_pmnn,0.3223684210526316
3c8v,34,pmnn,3c8v_34_pmnn,0.986842105263158
3c8v,35,pmnn,3c8v_35_pmnn,0.9769736842105264
3c8v,36,pmnn,3c8v_36_pmnn,0.9835526315789472
3c8v,37,pmnn,3c8v_37_pmnn,0.9703947368421052
3c8v,38,pmnn,3c8v_38_pmnn,0.9605263157894736
3c8v,39,pmnn,3c8v_39_pmnn,0.9703947368421052
3c8v,40,pmnn,3c8v_40_pmnn,0.9671052631578948
3c8v,41,pmnn,3c8v_41_pmnn,0.9605263157894736
3c8v,42,pmnn,3c8v_42_pmnn,0.9835526315789472
3c8v,43,pmnn,3c8v_43_pmnn,0.9671052631578948
3c8v,44,pmnn,3c8v_44_pmnn,0.9539473684210528
3c8v,45,pmnn,3c8v_45_pmnn,0.9769736842105264
3c8v,46,pmnn,3c8v_46_pmnn,0.950657894736842
3c8v,47,pmnn,3c8v_47_pmnn,0.9539473684210528
3c8v,48,pmnn,3c8v_48_pmnn,0.9539473684210528
3c8v,49,pmnn,3c8v_49_pmnn,0.9835526315789472
3ewk,0,pmnn,3ewk_0_pmnn,0.9852941176470588
3ewk,1,pmnn,3ewk_1_pmnn,0.9852941176470588
3ewk,2,pmnn,3ewk_2_pmnn,0.9779411764705882
3ewk,3,pmnn,3ewk_3_pmnn,0.9852941176470588
3ewk,4,pmnn,3ewk_4_pmnn,0.9816176470588236
3ewk,5,pmnn,3ewk_5_pmnn,0.3308823529411764
3ewk,6,pmnn,3ewk_6_pmnn,0.9889705882352942
3ewk,7,pmnn,3ewk_7_pmnn,0.9852941176470588
3ewk,8,pmnn,3ewk_8_pmnn,0.9816176470588236
3ewk,9,pmnn,3ewk_9_pmnn,0.9852941176470588
3ewk,10,pmnn,3ewk_10_pmnn,0.9117647058823528
3ewk,11,pmnn,3ewk_11_pmnn,0.9852941176470588
3ewk,12,pmnn,3ewk_12_pmnn,0.9816176470588236
3ewk,13,pmnn,3ewk_13_pmnn,0.9852941176470588
3ewk,14,pmnn,3ewk_14_pmnn,0.9889705882352942
3ewk,15,pmnn,3ewk_15_pmnn,0.9816176470588236
3ewk,16,pmnn,3ewk_16_pmnn,0.9816176470588236
3ewk,17,pmnn,3ewk_17_pmnn,0.9742647058823528
3ewk,18,pmnn,3ewk_18_pmnn,0.9889705882352942
3ewk,19,pmnn,3ewk_19_pmnn,0.4154411764705882
3ewk,20,pmnn,3ewk_20_pmnn,0.9852941176470588
3ewk,21,pmnn,3ewk_21_pmnn,0.9816176470588236
3ewk,22,pmnn,3ewk_22_pmnn,0.9889705882352942
3ewk,23,pmnn,3ewk_23_pmnn,0.9889705882352942
3ewk,24,pmnn,3ewk_24_pmnn,0.9816176470588236
3ewk,25,pmnn,3ewk_25_pmnn,0.9154411764705882
3ewk,26,pmnn,3ewk_26_pmnn,0.9889705882352942
3ewk,27,pmnn,3ewk_27_pmnn,0.8897058823529411
3ewk,28,pmnn,3ewk_28_pmnn,0.9816176470588236
3ewk,29,pmnn,3ewk_29_pmnn,0.9779411764705882
3ewk,30,pmnn,3ewk_30_pmnn,0.9852941176470588
3ewk,31,pmnn,3ewk_31_pmnn,0.9742647058823528
3ewk,32,pmnn,3ewk_32_pmnn,0.9889705882352942
3ewk,33,pmnn,3ewk_33_pmnn,0.9852941176470588
3ewk,34,pmnn,3ewk_34_pmnn,0.9852941176470588
3ewk,35,pmnn,3ewk_35_pmnn,0.9632352941176472
3ewk,36,pmnn,3ewk_36_pmnn,0.9889705882352942
3ewk,37,pmnn,3ewk_37_pmnn,0.9779411764705882
3ewk,38,pmnn,3ewk_38_pmnn,0.9852941176470588
3ewk,39,pmnn,3ewk_39_pmnn,0.9852941176470588
3ewk,40,pmnn,3ewk_40_pmnn,0.9852941176470588
3ewk,41,pmnn,3ewk_41_pmnn,0.9852941176470588
3ewk,42,pmnn,3ewk_42_pmnn,0.9889705882352942
3ewk,43,pmnn,3ewk_43_pmnn,0.9889705882352942
3ewk,44,pmnn,3ewk_44_pmnn,0.9852941176470588
3ewk,45,pmnn,3ewk_45_pmnn,0.9742647058823528
3ewk,46,pmnn,3ewk_46_pmnn,0.9889705882352942
3ewk,47,pmnn,3ewk_47_pmnn,0.5
3ewk,48,pmnn,3ewk_48_pmnn,0.9852941176470588
3ewk,49,pmnn,3ewk_49_pmnn,0.9779411764705882
3h25,0,pmnn,3h25_0_pmnn,0.95
3h25,1,pmnn,3h25_1_pmnn,0.95
3h25,2,pmnn,3h25_2_pmnn,0.953125
3h25,3,pmnn,3h25_3_pmnn,0.959375
3h25,4,pmnn,3h25_4_pmnn,0.946875
3h25,5,pmnn,3h25_5_pmnn,0.95
3h25,6,pmnn,3h25_6_pmnn,0.55
3h25,7,pmnn,3h25_7_pmnn,0.953125
3h25,8,pmnn,3h25_8_pmnn,0.946875
3h25,9,pmnn,3h25_9_pmnn,0.953125
3h25,10,pmnn,3h25_10_pmnn,0.95625
3h25,11,pmnn,3h25_11_pmnn,0.95625
3h25,12,pmnn,3h25_12_pmnn,0.946875
3h25,13,pmnn,3h25_13_pmnn,0.95625
3h25,14,pmnn,3h25_14_pmnn,0.953125
3h25,15,pmnn,3h25_15_pmnn,0.95625
3h25,16,pmnn,3h25_16_pmnn,0.95625
3h25,17,pmnn,3h25_17_pmnn,0.95
3h25,18,pmnn,3h25_18_pmnn,0.953125
3h25,19,pmnn,3h25_19_pmnn,0.946875
3h25,20,pmnn,3h25_20_pmnn,0.946875
3h25,21,pmnn,3h25_21_pmnn,0.953125
3h25,22,pmnn,3h25_22_pmnn,0.95
3h25,23,pmnn,3h25_23_pmnn,0.959375
3h25,24,pmnn,3h25_24_pmnn,0.9625
3h25,25,pmnn,3h25_25_pmnn,0.725
3h25,26,pmnn,3h25_26_pmnn,0.8875
3h25,27,pmnn,3h25_27_pmnn,0.946875
3h25,28,pmnn,3h25_28_pmnn,0.953125
3h25,29,pmnn,3h25_29_pmnn,0.953125
3h25,30,pmnn,3h25_30_pmnn,0.953125
3h25,31,pmnn,3h25_31_pmnn,0.915625
3h25,32,pmnn,3h25_32_pmnn,0.953125
3h25,33,pmnn,3h25_33_pmnn,0.953125
3h25,34,pmnn,3h25_34_pmnn,0.9375
3h25,35,pmnn,3h25_35_pmnn,0.95625
3h25,36,pmnn,3h25_36_pmnn,0.965625
3h25,37,pmnn,3h25_37_pmnn,0.95
3h25,38,pmnn,3h25_38_pmnn,0.859375
3h25,39,pmnn,3h25_39_pmnn,0.95
3h25,40,pmnn,3h25_40_pmnn,0.95
3h25,41,pmnn,3h25_41_pmnn,0.953125
3h25,42,pmnn,3h25_42_pmnn,0.946875
3h25,43,pmnn,3h25_43_pmnn,0.946875
3h25,44,pmnn,3h25_44_pmnn,0.95
3h25,45,pmnn,3h25_45_pmnn,0.94375
3h25,46,pmnn,3h25_46_pmnn,0.95625
3h25,47,pmnn,3h25_47_pmnn,0.953125
3h25,48,pmnn,3h25_48_pmnn,0.9625
3h25,49,pmnn,3h25_49_pmnn,0.95625
3m9q,0,pmnn,3m9q_0_pmnn,1.0
3m9q,1,pmnn,3m9q_1_pmnn,1.0
3m9q,2,pmnn,3m9q_2_pmnn,1.0
3m9q,3,pmnn,3m9q_3_pmnn,0.9963235294117648
3m9q,4,pmnn,3m9q_4_pmnn,1.0
3m9q,5,pmnn,3m9q_5_pmnn,0.9926470588235294
3m9q,6,pmnn,3m9q_6_pmnn,1.0
3m9q,7,pmnn,3m9q_7_pmnn,0.7941176470588235
3m9q,8,pmnn,3m9q_8_pmnn,0.9926470588235294
3m9q,9,pmnn,3m9q_9_pmnn,1.0
3m9q,10,pmnn,3m9q_10_pmnn,0.9963235294117648
3m9q,11,pmnn,3m9q_11_pmnn,0.9926470588235294
3m9q,12,pmnn,3m9q_12_pmnn,0.9926470588235294
3m9q,13,pmnn,3m9q_13_pmnn,1.0
3m9q,14,pmnn,3m9q_14_pmnn,1.0
3m9q,15,pmnn,3m9q_15_pmnn,1.0
3m9q,16,pmnn,3m9q_16_pmnn,1.0
3m9q,17,pmnn,3m9q_17_pmnn,1.0
3m9q,18,pmnn,3m9q_18_pmnn,0.9963235294117648
3m9q,19,pmnn,3m9q_19_pmnn,0.9889705882352942
3m9q,20,pmnn,3m9q_20_pmnn,0.9963235294117648
3m9q,21,pmnn,3m9q_21_pmnn,1.0
3m9q,22,pmnn,3m9q_22_pmnn,0.9889705882352942
3m9q,23,pmnn,3m9q_23_pmnn,1.0
3m9q,24,pmnn,3m9q_24_pmnn,0.9963235294117648
3m9q,25,pmnn,3m9q_25_pmnn,0.9963235294117648
3m9q,26,pmnn,3m9q_26_pmnn,1.0
3m9q,27,pmnn,3m9q_27_pmnn,1.0
3m9q,28,pmnn,3m9q_28_pmnn,0.9963235294117648
3m9q,29,pmnn,3m9q_29_pmnn,0.9963235294117648
3m9q,30,pmnn,3m9q_30_pmnn,1.0
3m9q,31,pmnn,3m9q_31_pmnn,1.0
3m9q,32,pmnn,3m9q_32_pmnn,0.9154411764705882
3m9q,33,pmnn,3m9q_33_pmnn,0.9963235294117648
3m9q,34,pmnn,3m9q_34_pmnn,0.9926470588235294
3m9q,35,pmnn,3m9q_35_pmnn,0.9963235294117648
3m9q,36,pmnn,3m9q_36_pmnn,0.9926470588235294
3m9q,37,pmnn,3m9q_37_pmnn,1.0
3m9q,38,pmnn,3m9q_38_pmnn,0.9889705882352942
3m9q,39,pmnn,3m9q_39_pmnn,0.9963235294117648
3m9q,40,pmnn,3m9q_40_pmnn,0.9889705882352942
3m9q,41,pmnn,3m9q_41_pmnn,0.9889705882352942
3m9q,42,pmnn,3m9q_42_pmnn,0.9889705882352942
3m9q,43,pmnn,3m9q_43_pmnn,0.9963235294117648
3m9q,44,pmnn,3m9q_44_pmnn,1.0
3m9q,45,pmnn,3m9q_45_pmnn,0.9926470588235294
3m9q,46,pmnn,3m9q_46_pmnn,0.9926470588235294
3m9q,47,pmnn,3m9q_47_pmnn,0.9963235294117648
3m9q,48,pmnn,3m9q_48_pmnn,0.9926470588235294
3m9q,49,pmnn,3m9q_49_pmnn,1.0
3sb1,0,pmnn,3sb1_0_pmnn,0.953125
3sb1,1,pmnn,3sb1_1_pmnn,0.975
3sb1,2,pmnn,3sb1_2_pmnn,0.978125
3sb1,3,pmnn,3sb1_3_pmnn,0.915625
3sb1,4,pmnn,3sb1_4_pmnn,0.83125
3sb1,5,pmnn,3sb1_5_pmnn,0.96875
3sb1,6,pmnn,3sb1_6_pmnn,0.96875
3sb1,7,pmnn,3sb1_7_pmnn,0.975
3sb1,8,pmnn,3sb1_8_pmnn,0.95625
3sb1,9,pmnn,3sb1_9_pmnn,0.95625
3sb1,10,pmnn,3sb1_10_pmnn,0.975
3sb1,11,pmnn,3sb1_11_pmnn,0.271875
3sb1,12,pmnn,3sb1_12_pmnn,0.971875
3sb1,13,pmnn,3sb1_13_pmnn,0.975
3sb1,14,pmnn,3sb1_14_pmnn,0.9375
3sb1,15,pmnn,3sb1_15_pmnn,0.928125
3sb1,16,pmnn,3sb1_16_pmnn,0.971875
3sb1,17,pmnn,3sb1_17_pmnn,0.953125
3sb1,18,pmnn,3sb1_18_pmnn,0.8875
3sb1,19,pmnn,3sb1_19_pmnn,0.98125
3sb1,20,pmnn,3sb1_20_pmnn,0.971875
3sb1,21,pmnn,3sb1_21_pmnn,0.959375
3sb1,22,pmnn,3sb1_22_pmnn,0.946875
3sb1,23,pmnn,3sb1_23_pmnn,0.96875
3sb1,24,pmnn,3sb1_24_pmnn,0.86875
3sb1,25,pmnn,3sb1_25_pmnn,0.90625
3sb1,26,pmnn,3sb1_26_pmnn,0.9625
3sb1,27,pmnn,3sb1_27_pmnn,0.971875
3sb1,28,pmnn,3sb1_28_pmnn,0.959375
3sb1,29,pmnn,3sb1_29_pmnn,0.928125
3sb1,30,pmnn,3sb1_30_pmnn,0.9125
3sb1,31,pmnn,3sb1_31_pmnn,0.96875
3sb1,32,pmnn,3sb1_32_pmnn,0.903125
3sb1,33,pmnn,3sb1_33_pmnn,0.915625
3sb1,34,pmnn,3sb1_34_pmnn,0.98125
3sb1,35,pmnn,3sb1_35_pmnn,0.98125
3sb1,36,pmnn,3sb1_36_pmnn,0.978125
3sb1,37,pmnn,3sb1_37_pmnn,0.96875
3sb1,38,pmnn,3sb1_38_pmnn,0.96875
3sb1,39,pmnn,3sb1_39_pmnn,0.753125
3sb1,40,pmnn,3sb1_40_pmnn,0.965625
3sb1,41,pmnn,3sb1_41_pmnn,0.96875
3sb1,42,pmnn,3sb1_42_pmnn,0.975
3sb1,43,pmnn,3sb1_43_pmnn,0.990625
3sb1,44,pmnn,3sb1_44_pmnn,0.98125
3sb1,45,pmnn,3sb1_45_pmnn,0.984375
3sb1,46,pmnn,3sb1_46_pmnn,0.94375
3sb1,47,pmnn,3sb1_47_pmnn,0.83125
3sb1,48,pmnn,3sb1_48_pmnn,0.959375
3sb1,49,pmnn,3sb1_49_pmnn,0.915625
3w68,0,pmnn,3w68_0_pmnn,0.4166666666666667
3w68,1,pmnn,3w68_1_pmnn,0.4291666666666666
3w68,2,pmnn,3w68_2_pmnn,0.2916666666666667
3w68,3,pmnn,3w68_3_pmnn,0.3208333333333333
3w68,4,pmnn,3w68_4_pmnn,0.4333333333333333
3w68,5,pmnn,3w68_5_pmnn,0.4
3w68,6,pmnn,3w68_6_pmnn,0.3416666666666667
3w68,7,pmnn,3w68_7_pmnn,0.3416666666666667
3w68,8,pmnn,3w68_8_pmnn,0.3
3w68,9,pmnn,3w68_9_pmnn,0.425
3w68,10,pmnn,3w68_10_pmnn,0.3291666666666666
3w68,11,pmnn,3w68_11_pmnn,0.3208333333333333
3w68,12,pmnn,3w68_12_pmnn,0.3791666666666666
3w68,13,pmnn,3w68_13_pmnn,0.4125
3w68,14,pmnn,3w68_14_pmnn,0.3375
3w68,15,pmnn,3w68_15_pmnn,0.4375
3w68,16,pmnn,3w68_16_pmnn,0.3
3w68,17,pmnn,3w68_17_pmnn,0.4291666666666666
3w68,18,pmnn,3w68_18_pmnn,0.4458333333333333
3w68,19,pmnn,3w68_19_pmnn,0.2958333333333333
3w68,20,pmnn,3w68_20_pmnn,0.525
3w68,21,pmnn,3w68_21_pmnn,0.2833333333333333
3w68,22,pmnn,3w68_22_pmnn,0.4875
3w68,23,pmnn,3w68_23_pmnn,0.3166666666666666
3w68,24,pmnn,3w68_24_pmnn,0.3333333333333333
3w68,25,pmnn,3w68_25_pmnn,0.4
3w68,26,pmnn,3w68_26_pmnn,0.4125
3w68,27,pmnn,3w68_27_pmnn,0.3541666666666667
3w68,28,pmnn,3w68_28_pmnn,0.3458333333333333
3w68,29,pmnn,3w68_29_pmnn,0.4041666666666667
3w68,30,pmnn,3w68_30_pmnn,0.4208333333333333
3w68,31,pmnn,3w68_31_pmnn,0.3125
3w68,32,pmnn,3w68_32_pmnn,0.4041666666666667
3w68,33,pmnn,3w68_33_pmnn,0.4458333333333333
3w68,34,pmnn,3w68_34_pmnn,0.4333333333333333
3w68,35,pmnn,3w68_35_pmnn,0.3458333333333333
3w68,36,pmnn,3w68_36_pmnn,0.2791666666666667
3w68,37,pmnn,3w68_37_pmnn,0.3291666666666666
3w68,38,pmnn,3w68_38_pmnn,0.3208333333333333
3w68,39,pmnn,3w68_39_pmnn,0.5
3w68,40,pmnn,3w68_40_pmnn,0.2916666666666667
3w68,41,pmnn,3w68_41_pmnn,0.3458333333333333
3w68,42,pmnn,3w68_42_pmnn,0.3166666666666666
3w68,43,pmnn,3w68_43_pmnn,0.35
3w68,44,pmnn,3w68_44_pmnn,0.3
3w68,45,pmnn,3w68_45_pmnn,0.3208333333333333
3w68,46,pmnn,3w68_46_pmnn,0.4666666666666667
3w68,47,pmnn,3w68_47_pmnn,0.3625
3w68,48,pmnn,3w68_48_pmnn,0.4125
3w68,49,pmnn,3w68_49_pmnn,0.4
1n7d,0,pmnn,1n7d_0_pmnn,0.6517857142857143
1n7d,1,pmnn,1n7d_1_pmnn,0.2366071428571428
1n7d,2,pmnn,1n7d_2_pmnn,0.2700892857142857
1n7d,3,pmnn,1n7d_3_pmnn,0.1629464285714285
1n7d,4,pmnn,1n7d_4_pmnn,0.2209821428571428
1n7d,5,pmnn,1n7d_5_pmnn,0.296875
1n7d,6,pmnn,1n7d_6_pmnn,0.0825892857142857
1n7d,7,pmnn,1n7d_7_pmnn,0.1674107142857142
1n7d,8,pmnn,1n7d_8_pmnn,0.0625
1n7d,9,pmnn,1n7d_9_pmnn,0.390625
1n7d,10,pmnn,1n7d_10_pmnn,0.1919642857142857
1n7d,11,pmnn,1n7d_11_pmnn,0.2991071428571428
1n7d,12,pmnn,1n7d_12_pmnn,0.109375
1n7d,13,pmnn,1n7d_13_pmnn,0.1785714285714285
1n7d,14,pmnn,1n7d_14_pmnn,0.1584821428571428
1n7d,15,pmnn,1n7d_15_pmnn,0.375
1n7d,16,pmnn,1n7d_16_pmnn,0.203125
1n7d,17,pmnn,1n7d_17_pmnn,0.1495535714285714
1n7d,18,pmnn,1n7d_18_pmnn,0.0491071428571428
1n7d,19,pmnn,1n7d_19_pmnn,0.2008928571428571
1n7d,20,pmnn,1n7d_20_pmnn,0.0803571428571428
1n7d,21,pmnn,1n7d_21_pmnn,0.140625
1n7d,22,pmnn,1n7d_22_pmnn,0.0892857142857142
1n7d,23,pmnn,1n7d_23_pmnn,0.2879464285714285
1n7d,24,pmnn,1n7d_24_pmnn,0.3683035714285714
1n7d,25,pmnn,1n7d_25_pmnn,0.0803571428571428
1n7d,26,pmnn,1n7d_26_pmnn,0.3191964285714285
1n7d,27,pmnn,1n7d_27_pmnn,0.1294642857142857
1n7d,28,pmnn,1n7d_28_pmnn,0.2723214285714285
1n7d,29,pmnn,1n7d_29_pmnn,0.0959821428571428
1n7d,30,pmnn,1n7d_30_pmnn,0.1316964285714285
1n7d,31,pmnn,1n7d_31_pmnn,0.3772321428571428
1n7d,32,pmnn,1n7d_32_pmnn,0.1674107142857142
1n7d,33,pmnn,1n7d_33_pmnn,0.2254464285714285
1n7d,34,pmnn,1n7d_34_pmnn,0.0714285714285714
1n7d,35,pmnn,1n7d_35_pmnn,0.1629464285714285
1n7d,36,pmnn,1n7d_36_pmnn,0.2611607142857143
1n7d,37,pmnn,1n7d_37_pmnn,0.1875
1n7d,38,pmnn,1n7d_38_pmnn,0.2120535714285714
1n7d,39,pmnn,1n7d_39_pmnn,0.171875
1n7d,40,pmnn,1n7d_40_pmnn,0.1941964285714285
1n7d,41,pmnn,1n7d_41_pmnn,0.2075892857142857
1n7d,42,pmnn,1n7d_42_pmnn,0.171875
1n7d,43,pmnn,1n7d_43_pmnn,0.3415178571428571
1n7d,44,pmnn,1n7d_44_pmnn,0.15625
1n7d,45,pmnn,1n7d_45_pmnn,0.2098214285714285
1n7d,46,pmnn,1n7d_46_pmnn,0.3459821428571428
1n7d,47,pmnn,1n7d_47_pmnn,0.1450892857142857
1n7d,48,pmnn,1n7d_48_pmnn,0.359375
1n7d,49,pmnn,1n7d_49_pmnn,0.1584821428571428
5u1y,0,pmnn,5u1y_0_pmnn,0.680921052631579
5u1y,1,pmnn,5u1y_1_pmnn,0.6743421052631579
5u1y,2,pmnn,5u1y_2_pmnn,0.6578947368421053
5u1y,3,pmnn,5u1y_3_pmnn,0.7664473684210527
5u1y,4,pmnn,5u1y_4_pmnn,0.680921052631579
5u1y,5,pmnn,5u1y_5_pmnn,0.6776315789473685
5u1y,6,pmnn,5u1y_6_pmnn,0.7072368421052632
5u1y,7,pmnn,5u1y_7_pmnn,0.6776315789473685
5u1y,8,pmnn,5u1y_8_pmnn,0.7105263157894737
5u1y,9,pmnn,5u1y_9_pmnn,0.7138157894736842
5u1y,10,pmnn,5u1y_10_pmnn,0.6973684210526315
5u1y,11,pmnn,5u1y_11_pmnn,0.7236842105263158
5u1y,12,pmnn,5u1y_12_pmnn,0.6644736842105263
5u1y,13,pmnn,5u1y_13_pmnn,0.7236842105263158
5u1y,14,pmnn,5u1y_14_pmnn,0.7302631578947368
5u1y,15,pmnn,5u1y_15_pmnn,0.7039473684210527
5u1y,16,pmnn,5u1y_16_pmnn,0.7730263157894737
5u1y,17,pmnn,5u1y_17_pmnn,0.6907894736842105
5u1y,18,pmnn,5u1y_18_pmnn,0.8421052631578947
5u1y,19,pmnn,5u1y_19_pmnn,0.7039473684210527
5u1y,20,pmnn,5u1y_20_pmnn,0.7171052631578947
5u1y,21,pmnn,5u1y_21_pmnn,0.7171052631578947
5u1y,22,pmnn,5u1y_22_pmnn,0.7006578947368421
5u1y,23,pmnn,5u1y_23_pmnn,0.2861842105263157
5u1y,24,pmnn,5u1y_24_pmnn,0.5427631578947368
5u1y,25,pmnn,5u1y_25_pmnn,0.6875
5u1y,26,pmnn,5u1y_26_pmnn,0.6776315789473685
5u1y,27,pmnn,5u1y_27_pmnn,0.4638157894736842
5u1y,28,pmnn,5u1y_28_pmnn,0.7203947368421053
5u1y,29,pmnn,5u1y_29_pmnn,0.694078947368421
5u1y,30,pmnn,5u1y_30_pmnn,0.7631578947368421
5u1y,31,pmnn,5u1y_31_pmnn,0.7203947368421053
5u1y,32,pmnn,5u1y_32_pmnn,0.7927631578947368
5u1y,33,pmnn,5u1y_33_pmnn,0.3125
5u1y,34,pmnn,5u1y_34_pmnn,0.618421052631579
5u1y,35,pmnn,5u1y_35_pmnn,0.7105263157894737
5u1y,36,pmnn,5u1y_36_pmnn,0.6578947368421053
5u1y,37,pmnn,5u1y_37_pmnn,0.6019736842105263
5u1y,38,pmnn,5u1y_38_pmnn,0.7269736842105263
5u1y,39,pmnn,5u1y_39_pmnn,0.6710526315789473
5u1y,40,pmnn,5u1y_40_pmnn,0.6907894736842105
5u1y,41,pmnn,5u1y_41_pmnn,0.3717105263157895
5u1y,42,pmnn,5u1y_42_pmnn,0.7368421052631579
5u1y,43,pmnn,5u1y_43_pmnn,0.8848684210526315
5u1y,44,pmnn,5u1y_44_pmnn,0.6875
5u1y,45,pmnn,5u1y_45_pmnn,0.7171052631578947
5u1y,46,pmnn,5u1y_46_pmnn,0.5723684210526315
5u1y,47,pmnn,5u1y_47_pmnn,0.7072368421052632
5u1y,48,pmnn,5u1y_48_pmnn,0.875
5u1y,49,pmnn,5u1y_49_pmnn,0.7072368421052632
1emn,0,pmnn,1emn_0_pmnn,0.4398148148148148
1emn,1,pmnn,1emn_1_pmnn,0.1805555555555555
1emn,2,pmnn,1emn_2_pmnn,0.2430555555555555
1emn,3,pmnn,1emn_3_pmnn,0.1759259259259259
1emn,4,pmnn,1emn_4_pmnn,0.2939814814814814
1emn,5,pmnn,1emn_5_pmnn,0.1226851851851851
1emn,6,pmnn,1emn_6_pmnn,0.4583333333333333
1emn,7,pmnn,1emn_7_pmnn,0.1481481481481481
1emn,8,pmnn,1emn_8_pmnn,0.3402777777777778
1emn,9,pmnn,1emn_9_pmnn,0.3078703703703703
1emn,10,pmnn,1emn_10_pmnn,0.2476851851851851
1emn,11,pmnn,1emn_11_pmnn,0.199074074074074
1emn,12,pmnn,1emn_12_pmnn,0.5509259259259259
1emn,13,pmnn,1emn_13_pmnn,0.4189814814814814
1emn,14,pmnn,1emn_14_pmnn,0.2893518518518518
1emn,15,pmnn,1emn_15_pmnn,0.412037037037037
1emn,16,pmnn,1emn_16_pmnn,0.7777777777777778
1emn,17,pmnn,1emn_17_pmnn,0.3958333333333333
1emn,18,pmnn,1emn_18_pmnn,0.1898148148148148
1emn,19,pmnn,1emn_19_pmnn,0.3680555555555556
1emn,20,pmnn,1emn_20_pmnn,0.25
1emn,21,pmnn,1emn_21_pmnn,0.136574074074074
1emn,22,pmnn,1emn_22_pmnn,0.2060185185185185
1emn,23,pmnn,1emn_23_pmnn,0.1851851851851851
1emn,24,pmnn,1emn_24_pmnn,0.1805555555555555
1emn,25,pmnn,1emn_25_pmnn,0.4282407407407407
1emn,26,pmnn,1emn_26_pmnn,0.4027777777777778
1emn,27,pmnn,1emn_27_pmnn,0.1643518518518518
1emn,28,pmnn,1emn_28_pmnn,0.3981481481481481
1emn,29,pmnn,1emn_29_pmnn,0.0787037037037037
1emn,30,pmnn,1emn_30_pmnn,0.2268518518518518
1emn,31,pmnn,1emn_31_pmnn,0.2060185185185185
1emn,32,pmnn,1emn_32_pmnn,0.1412037037037037
1emn,33,pmnn,1emn_33_pmnn,0.2800925925925926
1emn,34,pmnn,1emn_34_pmnn,0.2152777777777778
1emn,35,pmnn,1emn_35_pmnn,0.5601851851851852
1emn,36,pmnn,1emn_36_pmnn,0.1087962962962963
1emn,37,pmnn,1emn_37_pmnn,0.4560185185185185
1emn,38,pmnn,1emn_38_pmnn,0.1481481481481481
1emn,39,pmnn,1emn_39_pmnn,0.2129629629629629
1emn,40,pmnn,1emn_40_pmnn,0.1805555555555555
1emn,41,pmnn,1emn_41_pmnn,0.1412037037037037
1emn,42,pmnn,1emn_42_pmnn,0.1851851851851851
1emn,43,pmnn,1emn_43_pmnn,0.1805555555555555
1emn,44,pmnn,1emn_44_pmnn,0.7615740740740741
1emn,45,pmnn,1emn_45_pmnn,0.2731481481481481
1emn,46,pmnn,1emn_46_pmnn,0.199074074074074
1emn,47,pmnn,1emn_47_pmnn,0.7361111111111112
1emn,48,pmnn,1emn_48_pmnn,0.375
1emn,49,pmnn,1emn_49_pmnn,0.2708333333333333
1lql,0,pmnn,1lql_0_pmnn,0.2067307692307692
1lql,1,pmnn,1lql_1_pmnn,0.8870192307692307
1lql,2,pmnn,1lql_2_pmnn,0.2692307692307692
1lql,3,pmnn,1lql_3_pmnn,0.908653846153846
1lql,4,pmnn,1lql_4_pmnn,0.0625
1lql,5,pmnn,1lql_5_pmnn,0.2235576923076923
1lql,6,pmnn,1lql_6_pmnn,0.8677884615384616
1lql,7,pmnn,1lql_7_pmnn,0.1466346153846154
1lql,8,pmnn,1lql_8_pmnn,0.0408653846153846
1lql,9,pmnn,1lql_9_pmnn,0.1442307692307692
1lql,10,pmnn,1lql_10_pmnn,0.1394230769230769
1lql,11,pmnn,1lql_11_pmnn,0.1610576923076923
1lql,12,pmnn,1lql_12_pmnn,0.0745192307692307
1lql,13,pmnn,1lql_13_pmnn,0.0528846153846153
1lql,14,pmnn,1lql_14_pmnn,0.0673076923076923
1lql,15,pmnn,1lql_15_pmnn,0.8461538461538461
1lql,16,pmnn,1lql_16_pmnn,0.0673076923076923
1lql,17,pmnn,1lql_17_pmnn,0.0504807692307692
1lql,18,pmnn,1lql_18_pmnn,0.0865384615384615
1lql,19,pmnn,1lql_19_pmnn,0.173076923076923
1lql,20,pmnn,1lql_20_pmnn,0.0649038461538461
1lql,21,pmnn,1lql_21_pmnn,0.0504807692307692
1lql,22,pmnn,1lql_22_pmnn,0.0552884615384615
1lql,23,pmnn,1lql_23_pmnn,0.8629807692307693
1lql,24,pmnn,1lql_24_pmnn,0.8605769230769231
1lql,25,pmnn,1lql_25_pmnn,0.0456730769230769
1lql,26,pmnn,1lql_26_pmnn,0.0673076923076923
1lql,27,pmnn,1lql_27_pmnn,0.1442307692307692
1lql,28,pmnn,1lql_28_pmnn,0.0745192307692307
1lql,29,pmnn,1lql_29_pmnn,0.125
1lql,30,pmnn,1lql_30_pmnn,0.1490384615384615
1lql,31,pmnn,1lql_31_pmnn,0.0552884615384615
1lql,32,pmnn,1lql_32_pmnn,0.8221153846153846
1lql,33,pmnn,1lql_33_pmnn,0.0456730769230769
1lql,34,pmnn,1lql_34_pmnn,0.0504807692307692
1lql,35,pmnn,1lql_35_pmnn,0.9158653846153846
1lql,36,pmnn,1lql_36_pmnn,0.0528846153846153
1lql,37,pmnn,1lql_37_pmnn,0.8389423076923077
1lql,38,pmnn,1lql_38_pmnn,0.0336538461538461
1lql,39,pmnn,1lql_39_pmnn,0.2283653846153846
1lql,40,pmnn,1lql_40_pmnn,0.0745192307692307
1lql,41,pmnn,1lql_41_pmnn,0.0432692307692307
1lql,42,pmnn,1lql_42_pmnn,0.3028846153846153
1lql,43,pmnn,1lql_43_pmnn,0.0504807692307692
1lql,44,pmnn,1lql_44_pmnn,0.0504807692307692
1lql,45,pmnn,1lql_45_pmnn,0.0360576923076923
1lql,46,pmnn,1lql_46_pmnn,0.0528846153846153
1lql,47,pmnn,1lql_47_pmnn,0.0697115384615384
1lql,48,pmnn,1lql_48_pmnn,0.0889423076923077
1lql,49,pmnn,1lql_49_pmnn,0.7932692307692307
1np6,0,pmnn,1np6_0_pmnn,0.3032407407407407
1np6,1,pmnn,1np6_1_pmnn,0.1458333333333333
1np6,2,pmnn,1np6_2_pmnn,0.2546296296296296
1np6,3,pmnn,1np6_3_pmnn,0.0671296296296296
1np6,4,pmnn,1np6_4_pmnn,0.2037037037037037
1np6,5,pmnn,1np6_5_pmnn,0.3032407407407407
1np6,6,pmnn,1np6_6_pmnn,0.0023148148148148
1np6,7,pmnn,1np6_7_pmnn,0.3009259259259259
1np6,8,pmnn,1np6_8_pmnn,0.3680555555555556
1np6,9,pmnn,1np6_9_pmnn,0.0023148148148148
1np6,10,pmnn,1np6_10_pmnn,0.2685185185185185
1np6,11,pmnn,1np6_11_pmnn,0.0532407407407407
1np6,12,pmnn,1np6_12_pmnn,0.2268518518518518
1np6,13,pmnn,1np6_13_pmnn,0.3055555555555556
1np6,14,pmnn,1np6_14_pmnn,0.2662037037037037
1np6,15,pmnn,1np6_15_pmnn,0.25
1np6,16,pmnn,1np6_16_pmnn,0.2407407407407407
1np6,17,pmnn,1np6_17_pmnn,0.0416666666666666
1np6,18,pmnn,1np6_18_pmnn,0.1041666666666666
1np6,19,pmnn,1np6_19_pmnn,0.3356481481481481
1np6,20,pmnn,1np6_20_pmnn,0.0231481481481481
1np6,21,pmnn,1np6_21_pmnn,0.0208333333333333
1np6,22,pmnn,1np6_22_pmnn,0.25
1np6,23,pmnn,1np6_23_pmnn,0.3425925925925926
1np6,24,pmnn,1np6_24_pmnn,0.0277777777777777
1np6,25,pmnn,1np6_25_pmnn,0.2777777777777778
1np6,26,pmnn,1np6_26_pmnn,0.0092592592592592
1np6,27,pmnn,1np6_27_pmnn,0.0092592592592592
1np6,28,pmnn,1np6_28_pmnn,0.0162037037037037
1np6,29,pmnn,1np6_29_pmnn,0.0902777777777777
1np6,30,pmnn,1np6_30_pmnn,0.1712962962962963
1np6,31,pmnn,1np6_31_pmnn,0.3217592592592592
1np6,32,pmnn,1np6_32_pmnn,0.2129629629629629
1np6,33,pmnn,1np6_33_pmnn,0.0879629629629629
1np6,34,pmnn,1np6_34_pmnn,0.4328703703703703
1np6,35,pmnn,1np6_35_pmnn,0.0324074074074074
1np6,36,pmnn,1np6_36_pmnn,0.011574074074074
1np6,37,pmnn,1np6_37_pmnn,0.3263888888888889
1np6,38,pmnn,1np6_38_pmnn,0.3611111111111111
1np6,39,pmnn,1np6_39_pmnn,0.0324074074074074
1np6,40,pmnn,1np6_40_pmnn,0.0162037037037037
1np6,41,pmnn,1np6_41_pmnn,0.0162037037037037
1np6,42,pmnn,1np6_42_pmnn,0.5023148148148148
1np6,43,pmnn,1np6_43_pmnn,0.011574074074074
1np6,44,pmnn,1np6_44_pmnn,0.162037037037037
1np6,45,pmnn,1np6_45_pmnn,0.3125
1np6,46,pmnn,1np6_46_pmnn,0.0231481481481481
1np6,47,pmnn,1np6_47_pmnn,0.0162037037037037
1np6,48,pmnn,1np6_48_pmnn,0.0185185185185185
1np6,49,pmnn,1np6_49_pmnn,0.386574074074074
1o6w,0,pmnn,1o6w_0_pmnn,0.5336538461538461
1o6w,1,pmnn,1o6w_1_pmnn,0.9543269230769232
1o6w,2,pmnn,1o6w_2_pmnn,0.6875
1o6w,3,pmnn,1o6w_3_pmnn,0.9375
1o6w,4,pmnn,1o6w_4_pmnn,0.966346153846154
1o6w,5,pmnn,1o6w_5_pmnn,0.9471153846153846
1o6w,6,pmnn,1o6w_6_pmnn,0.9591346153846154
1o6w,7,pmnn,1o6w_7_pmnn,0.966346153846154
1o6w,8,pmnn,1o6w_8_pmnn,0.2307692307692307
1o6w,9,pmnn,1o6w_9_pmnn,0.8918269230769231
1o6w,10,pmnn,1o6w_10_pmnn,0.8173076923076923
1o6w,11,pmnn,1o6w_11_pmnn,0.8870192307692307
1o6w,12,pmnn,1o6w_12_pmnn,0.9519230769230768
1o6w,13,pmnn,1o6w_13_pmnn,0.9759615384615384
1o6w,14,pmnn,1o6w_14_pmnn,0.8918269230769231
1o6w,15,pmnn,1o6w_15_pmnn,0.9591346153846154
1o6w,16,pmnn,1o6w_16_pmnn,0.6875
1o6w,17,pmnn,1o6w_17_pmnn,0.0504807692307692
1o6w,18,pmnn,1o6w_18_pmnn,0.8870192307692307
1o6w,19,pmnn,1o6w_19_pmnn,0.9447115384615384
1o6w,20,pmnn,1o6w_20_pmnn,0.966346153846154
1o6w,21,pmnn,1o6w_21_pmnn,0.8509615384615384
1o6w,22,pmnn,1o6w_22_pmnn,0.9759615384615384
1o6w,23,pmnn,1o6w_23_pmnn,0.971153846153846
1o6w,24,pmnn,1o6w_24_pmnn,0.9206730769230768
1o6w,25,pmnn,1o6w_25_pmnn,0.9759615384615384
1o6w,26,pmnn,1o6w_26_pmnn,0.9447115384615384
1o6w,27,pmnn,1o6w_27_pmnn,0.0817307692307692
1o6w,28,pmnn,1o6w_28_pmnn,0.96875
1o6w,29,pmnn,1o6w_29_pmnn,0.9591346153846154
1o6w,30,pmnn,1o6w_30_pmnn,0.8028846153846154
1o6w,31,pmnn,1o6w_31_pmnn,0.9615384615384616
1o6w,32,pmnn,1o6w_32_pmnn,0.8918269230769231
1o6w,33,pmnn,1o6w_33_pmnn,0.9158653846153846
1o6w,34,pmnn,1o6w_34_pmnn,0.9423076923076924
1o6w,35,pmnn,1o6w_35_pmnn,0.966346153846154
1o6w,36,pmnn,1o6w_36_pmnn,0.9495192307692308
1o6w,37,pmnn,1o6w_37_pmnn,0.971153846153846
1o6w,38,pmnn,1o6w_38_pmnn,0.971153846153846
1o6w,39,pmnn,1o6w_39_pmnn,0.9543269230769232
1o6w,40,pmnn,1o6w_40_pmnn,0.9543269230769232
1o6w,41,pmnn,1o6w_41_pmnn,0.9134615384615384
1o6w,42,pmnn,1o6w_42_pmnn,0.141826923076923
1o6w,43,pmnn,1o6w_43_pmnn,0.966346153846154
1o6w,44,pmnn,1o6w_44_pmnn,0.8485576923076923
1o6w,45,pmnn,1o6w_45_pmnn,0.8317307692307693
1o6w,46,pmnn,1o6w_46_pmnn,0.84375
1o6w,47,pmnn,1o6w_47_pmnn,0.9471153846153846
1o6w,48,pmnn,1o6w_48_pmnn,0.9639423076923076
1o6w,49,pmnn,1o6w_49_pmnn,0.0817307692307692
1p9n,0,pmnn,1p9n_0_pmnn,0.0689655172413793
1p9n,1,pmnn,1p9n_1_pmnn,0.1918103448275862
1p9n,2,pmnn,1p9n_2_pmnn,0.0625
1p9n,3,pmnn,1p9n_3_pmnn,0.0280172413793103
1p9n,4,pmnn,1p9n_4_pmnn,0.0387931034482758
1p9n,5,pmnn,1p9n_5_pmnn,0.2112068965517241
1p9n,6,pmnn,1p9n_6_pmnn,0.0732758620689655
1p9n,7,pmnn,1p9n_7_pmnn,0.2909482758620689
1p9n,8,pmnn,1p9n_8_pmnn,0.1810344827586207
1p9n,9,pmnn,1p9n_9_pmnn,0.2650862068965517
1p9n,10,pmnn,1p9n_10_pmnn,0.0538793103448275
1p9n,11,pmnn,1p9n_11_pmnn,0.0732758620689655
1p9n,12,pmnn,1p9n_12_pmnn,0.4094827586206896
1p9n,13,pmnn,1p9n_13_pmnn,0.0883620689655172
1p9n,14,pmnn,1p9n_14_pmnn,0.1982758620689655
1p9n,15,pmnn,1p9n_15_pmnn,0.0495689655172413
1p9n,16,pmnn,1p9n_16_pmnn,0.0366379310344827
1p9n,17,pmnn,1p9n_17_pmnn,0.0625
1p9n,18,pmnn,1p9n_18_pmnn,0.1185344827586206
1p9n,19,pmnn,1p9n_19_pmnn,0.0452586206896551
1p9n,20,pmnn,1p9n_20_pmnn,0.0581896551724137
1p9n,21,pmnn,1p9n_21_pmnn,0.2909482758620689
1p9n,22,pmnn,1p9n_22_pmnn,0.0668103448275862
1p9n,23,pmnn,1p9n_23_pmnn,0.1637931034482758
1p9n,24,pmnn,1p9n_24_pmnn,0.0625
1p9n,25,pmnn,1p9n_25_pmnn,0.0344827586206896
1p9n,26,pmnn,1p9n_26_pmnn,0.0711206896551724
1p9n,27,pmnn,1p9n_27_pmnn,0.084051724137931
1p9n,28,pmnn,1p9n_28_pmnn,0.0387931034482758
1p9n,29,pmnn,1p9n_29_pmnn,0.0581896551724137
1p9n,30,pmnn,1p9n_30_pmnn,0.2887931034482758
1p9n,31,pmnn,1p9n_31_pmnn,0.2112068965517241
1p9n,32,pmnn,1p9n_32_pmnn,0.0538793103448275
1p9n,33,pmnn,1p9n_33_pmnn,0.0538793103448275
1p9n,34,pmnn,1p9n_34_pmnn,0.021551724137931
1p9n,35,pmnn,1p9n_35_pmnn,0.0775862068965517
1p9n,36,pmnn,1p9n_36_pmnn,0.0344827586206896
1p9n,37,pmnn,1p9n_37_pmnn,0.0797413793103448
1p9n,38,pmnn,1p9n_38_pmnn,0.0452586206896551
1p9n,39,pmnn,1p9n_39_pmnn,0.0387931034482758
1p9n,40,pmnn,1p9n_40_pmnn,0.043103448275862
1p9n,41,pmnn,1p9n_41_pmnn,0.25
1p9n,42,pmnn,1p9n_42_pmnn,0.2866379310344827
1p9n,43,pmnn,1p9n_43_pmnn,0.043103448275862
1p9n,44,pmnn,1p9n_44_pmnn,0.1422413793103448
1p9n,45,pmnn,1p9n_45_pmnn,0.0775862068965517
1p9n,46,pmnn,1p9n_46_pmnn,0.2262931034482758
1p9n,47,pmnn,1p9n_47_pmnn,0.0560344827586206
1p9n,48,pmnn,1p9n_48_pmnn,0.0711206896551724
1p9n,49,pmnn,1p9n_49_pmnn,0.6681034482758621
1s7m,0,pmnn,1s7m_0_pmnn,0.7075892857142857
1s7m,1,pmnn,1s7m_1_pmnn,0.5558035714285714
1s7m,2,pmnn,1s7m_2_pmnn,0.5334821428571429
1s7m,3,pmnn,1s7m_3_pmnn,0.875
1s7m,4,pmnn,1s7m_4_pmnn,0.8504464285714286
1s7m,5,pmnn,1s7m_5_pmnn,0.5848214285714286
1s7m,6,pmnn,1s7m_6_pmnn,0.75
1s7m,7,pmnn,1s7m_7_pmnn,0.4330357142857143
1s7m,8,pmnn,1s7m_8_pmnn,0.2723214285714285
1s7m,9,pmnn,1s7m_9_pmnn,0.8504464285714286
1s7m,10,pmnn,1s7m_10_pmnn,0.546875
1s7m,11,pmnn,1s7m_11_pmnn,0.421875
1s7m,12,pmnn,1s7m_12_pmnn,0.6986607142857143
1s7m,13,pmnn,1s7m_13_pmnn,0.5736607142857143
1s7m,14,pmnn,1s7m_14_pmnn,0.8102678571428571
1s7m,15,pmnn,1s7m_15_pmnn,0.3616071428571428
1s7m,16,pmnn,1s7m_16_pmnn,0.5111607142857143
1s7m,17,pmnn,1s7m_17_pmnn,0.5915178571428571
1s7m,18,pmnn,1s7m_18_pmnn,0.8459821428571429
1s7m,19,pmnn,1s7m_19_pmnn,0.6897321428571429
1s7m,20,pmnn,1s7m_20_pmnn,0.8058035714285714
1s7m,21,pmnn,1s7m_21_pmnn,0.5446428571428571
1s7m,22,pmnn,1s7m_22_pmnn,0.390625
1s7m,23,pmnn,1s7m_23_pmnn,0.8526785714285714
1s7m,24,pmnn,1s7m_24_pmnn,0.5647321428571429
1s7m,25,pmnn,1s7m_25_pmnn,0.7209821428571429
1s7m,26,pmnn,1s7m_26_pmnn,0.4352678571428571
1s7m,27,pmnn,1s7m_27_pmnn,0.5245535714285714
1s7m,28,pmnn,1s7m_28_pmnn,0.8348214285714286
1s7m,29,pmnn,1s7m_29_pmnn,0.5602678571428571
1s7m,30,pmnn,1s7m_30_pmnn,0.7455357142857143
1s7m,31,pmnn,1s7m_31_pmnn,0.8147321428571429
1s7m,32,pmnn,1s7m_32_pmnn,0.8325892857142857
1s7m,33,pmnn,1s7m_33_pmnn,0.8504464285714286
1s7m,34,pmnn,1s7m_34_pmnn,0.796875
1s7m,35,pmnn,1s7m_35_pmnn,0.7477678571428571
1s7m,36,pmnn,1s7m_36_pmnn,0.3995535714285714
1s7m,37,pmnn,1s7m_37_pmnn,0.6026785714285714
1s7m,38,pmnn,1s7m_38_pmnn,0.8013392857142857
1s7m,39,pmnn,1s7m_39_pmnn,0.4821428571428571
1s7m,40,pmnn,1s7m_40_pmnn,0.609375
1s7m,41,pmnn,1s7m_41_pmnn,0.5758928571428571
1s7m,42,pmnn,1s7m_42_pmnn,0.5290178571428571
1s7m,43,pmnn,1s7m_43_pmnn,0.6361607142857143
1s7m,44,pmnn,1s7m_44_pmnn,0.7879464285714286
1s7m,45,pmnn,1s7m_45_pmnn,0.5803571428571429
1s7m,46,pmnn,1s7m_46_pmnn,0.5870535714285714
1s7m,47,pmnn,1s7m_47_pmnn,0.8147321428571429
1s7m,48,pmnn,1s7m_48_pmnn,0.6897321428571429
1s7m,49,pmnn,1s7m_49_pmnn,0.4888392857142857
2e45,0,pmnn,2e45_0_pmnn,0.9184782608695652
2e45,1,pmnn,2e45_1_pmnn,0.904891304347826
2e45,2,pmnn,2e45_2_pmnn,0.9211956521739132
2e45,3,pmnn,2e45_3_pmnn,0.9293478260869564
2e45,4,pmnn,2e45_4_pmnn,0.9510869565217392
2e45,5,pmnn,2e45_5_pmnn,0.9429347826086956
2e45,6,pmnn,2e45_6_pmnn,0.4076086956521739
2e45,7,pmnn,2e45_7_pmnn,0.8369565217391305
2e45,8,pmnn,2e45_8_pmnn,0.9320652173913044
2e45,9,pmnn,2e45_9_pmnn,0.8913043478260869
2e45,10,pmnn,2e45_10_pmnn,0.9130434782608696
2e45,11,pmnn,2e45_11_pmnn,0.8858695652173914
2e45,12,pmnn,2e45_12_pmnn,0.9320652173913044
2e45,13,pmnn,2e45_13_pmnn,0.9320652173913044
2e45,14,pmnn,2e45_14_pmnn,0.9320652173913044
2e45,15,pmnn,2e45_15_pmnn,0.2853260869565217
2e45,16,pmnn,2e45_16_pmnn,0.9510869565217392
2e45,17,pmnn,2e45_17_pmnn,0.8641304347826086
2e45,18,pmnn,2e45_18_pmnn,0.9130434782608696
2e45,19,pmnn,2e45_19_pmnn,0.9211956521739132
2e45,20,pmnn,2e45_20_pmnn,0.9130434782608696
2e45,21,pmnn,2e45_21_pmnn,0.9429347826086956
2e45,22,pmnn,2e45_22_pmnn,0.9755434782608696
2e45,23,pmnn,2e45_23_pmnn,0.9293478260869564
2e45,24,pmnn,2e45_24_pmnn,0.967391304347826
2e45,25,pmnn,2e45_25_pmnn,0.9429347826086956
2e45,26,pmnn,2e45_26_pmnn,0.9565217391304348
2e45,27,pmnn,2e45_27_pmnn,0.9239130434782608
2e45,28,pmnn,2e45_28_pmnn,0.9130434782608696
2e45,29,pmnn,2e45_29_pmnn,0.9320652173913044
2e45,30,pmnn,2e45_30_pmnn,0.9266304347826086
2e45,31,pmnn,2e45_31_pmnn,0.8885869565217391
2e45,32,pmnn,2e45_32_pmnn,0.2853260869565217
2e45,33,pmnn,2e45_33_pmnn,0.9538043478260868
2e45,34,pmnn,2e45_34_pmnn,0.9728260869565216
2e45,35,pmnn,2e45_35_pmnn,0.9130434782608696
2e45,36,pmnn,2e45_36_pmnn,0.8668478260869565
2e45,37,pmnn,2e45_37_pmnn,0.0842391304347826
2e45,38,pmnn,2e45_38_pmnn,0.8288043478260869
2e45,39,pmnn,2e45_39_pmnn,0.9021739130434784
2e45,40,pmnn,2e45_40_pmnn,0.7771739130434783
2e45,41,pmnn,2e45_41_pmnn,0.9510869565217392
2e45,42,pmnn,2e45_42_pmnn,0.9103260869565216
2e45,43,pmnn,2e45_43_pmnn,0.529891304347826
2e45,44,pmnn,2e45_44_pmnn,0.9293478260869564
2e45,45,pmnn,2e45_45_pmnn,0.9619565217391304
2e45,46,pmnn,2e45_46_pmnn,0.970108695652174
2e45,47,pmnn,2e45_47_pmnn,0.2472826086956521
2e45,48,pmnn,2e45_48_pmnn,0.9456521739130436
2e45,49,pmnn,2e45_49_pmnn,0.907608695652174
2kxq,0,pmnn,2kxq_0_pmnn,0.8479166666666667
2kxq,1,pmnn,2kxq_1_pmnn,0.8854166666666666
2kxq,2,pmnn,2kxq_2_pmnn,0.9354166666666668
2kxq,3,pmnn,2kxq_3_pmnn,0.825
2kxq,4,pmnn,2kxq_4_pmnn,0.9208333333333332
2kxq,5,pmnn,2kxq_5_pmnn,0.9145833333333332
2kxq,6,pmnn,2kxq_6_pmnn,0.7708333333333334
2kxq,7,pmnn,2kxq_7_pmnn,0.8979166666666667
2kxq,8,pmnn,2kxq_8_pmnn,0.9166666666666666
2kxq,9,pmnn,2kxq_9_pmnn,0.7916666666666666
2kxq,10,pmnn,2kxq_10_pmnn,0.7791666666666667
2kxq,11,pmnn,2kxq_11_pmnn,0.9020833333333332
2kxq,12,pmnn,2kxq_12_pmnn,0.8
2kxq,13,pmnn,2kxq_13_pmnn,0.8729166666666667
2kxq,14,pmnn,2kxq_14_pmnn,0.7416666666666667
2kxq,15,pmnn,2kxq_15_pmnn,0.8583333333333333
2kxq,16,pmnn,2kxq_16_pmnn,0.8729166666666667
2kxq,17,pmnn,2kxq_17_pmnn,0.8770833333333333
2kxq,18,pmnn,2kxq_18_pmnn,0.8166666666666667
2kxq,19,pmnn,2kxq_19_pmnn,0.8854166666666666
2kxq,20,pmnn,2kxq_20_pmnn,0.8854166666666666
2kxq,21,pmnn,2kxq_21_pmnn,0.85
2kxq,22,pmnn,2kxq_22_pmnn,0.85
2kxq,23,pmnn,2kxq_23_pmnn,0.7708333333333334
2kxq,24,pmnn,2kxq_24_pmnn,0.8125
2kxq,25,pmnn,2kxq_25_pmnn,0.8666666666666667
2kxq,26,pmnn,2kxq_26_pmnn,0.775
2kxq,27,pmnn,2kxq_27_pmnn,0.90625
2kxq,28,pmnn,2kxq_28_pmnn,0.875
2kxq,29,pmnn,2kxq_29_pmnn,0.85625
2kxq,30,pmnn,2kxq_30_pmnn,0.9041666666666668
2kxq,31,pmnn,2kxq_31_pmnn,0.9125
2kxq,32,pmnn,2kxq_32_pmnn,0.91875
2kxq,33,pmnn,2kxq_33_pmnn,0.7125
2kxq,34,pmnn,2kxq_34_pmnn,0.9166666666666666
2kxq,35,pmnn,2kxq_35_pmnn,0.7770833333333333
2kxq,36,pmnn,2kxq_36_pmnn,0.8979166666666667
2kxq,37,pmnn,2kxq_37_pmnn,0.7833333333333333
2kxq,38,pmnn,2kxq_38_pmnn,0.9166666666666666
2kxq,39,pmnn,2kxq_39_pmnn,0.9104166666666668
2kxq,40,pmnn,2kxq_40_pmnn,0.8979166666666667
2kxq,41,pmnn,2kxq_41_pmnn,0.8166666666666667
2kxq,42,pmnn,2kxq_42_pmnn,0.9020833333333332
2kxq,43,pmnn,2kxq_43_pmnn,0.7229166666666667
2kxq,44,pmnn,2kxq_44_pmnn,0.80625
2kxq,45,pmnn,2kxq_45_pmnn,0.7770833333333333
2kxq,46,pmnn,2kxq_46_pmnn,0.89375
2kxq,47,pmnn,2kxq_47_pmnn,0.88125
2kxq,48,pmnn,2kxq_48_pmnn,0.8625
2kxq,49,pmnn,2kxq_49_pmnn,0.84375
3clq,,kcm,,1.0
3clq,,kcm,,0.9914772727272728
3clq,,kcm,,1.0
3clq,,kcm,,0.9943181818181818
3clq,,kcm,,0.9801136363636364
3clq,,kcm,,0.9943181818181818
3clq,,kcm,,1.0
3clq,,kcm,,0.9943181818181818
3clq,,kcm,,0.9971590909090908
3clq,,kcm,,1.0
3clq,,kcm,,1.0
3clq,,kcm,,0.9914772727272728
3clq,,kcm,,0.9943181818181818
3clq,,kcm,,1.0
3clq,,kcm,,0.9971590909090908
3clq,,kcm,,0.9857954545454546
2oar,,kcm,,0.9963235294117648
3clq,,kcm,,0.9857954545454546
2oar,,kcm,,0.9963235294117648
3clq,,kcm,,0.9943181818181818
3clq,,kcm,,0.9943181818181818
3clq,,kcm,,0.9971590909090908
3clq,,kcm,,0.9914772727272728
3clq,,kcm,,0.9886363636363636
3clq,,kcm,,0.9886363636363636
2oar,,kcm,,0.9963235294117648
3clq,,kcm,,0.9943181818181818
3clq,,kcm,,0.9943181818181818
3clq,,kcm,,0.9971590909090908
3clq,,kcm,,0.9943181818181818
3clq,,kcm,,0.9943181818181818
3m9q,,kcm,,0.9889705882352942
3clq,,kcm,,0.9914772727272728
3clq,,kcm,,0.9971590909090908
2oar,,kcm,,0.9926470588235294
3clq,,kcm,,0.9914772727272728
2oar,,kcm,,0.9889705882352942
3clq,,kcm,,0.9943181818181818
3clq,,kcm,,0.9744318181818182
3clq,,kcm,,0.9857954545454546
3clq,,kcm,,0.9971590909090908
3clq,,kcm,,0.9943181818181818
2oar,,kcm,,0.9889705882352942
3clq,,kcm,,1.0
3clq,,kcm,,0.9744318181818182
3clq,,kcm,,0.9971590909090908
3m9q,,kcm,,0.9889705882352942
3clq,,kcm,,0.9801136363636364
3clq,,kcm,,0.9886363636363636
2oar,,kcm,,0.9889705882352942
